{
  "score_by_offset": {
    "-4": 0.523802,
    "-3": 0.534054,
    "-2": 0.476691,
    "-1": 0.499369,
    "1": 0.43929,
    "2": 0.471157,
    "3": 0.53121,
    "4": 0.497598
  },
  "positive_minus_negative_offset_gap": -0.009141,
  "overall_score_mean": 0.496646
}