{
  "score_by_offset": {
    "-4": 0.25789,
    "-3": 0.25789,
    "-2": 0.257811,
    "-1": 0.257811,
    "1": 0.740626,
    "2": 0.740626,
    "3": 0.740603,
    "4": 0.740603
  },
  "positive_minus_negative_offset_gap": 0.482764,
  "overall_score_mean": 0.499232,
  "sector_responses": {
    "P_small": 0.822696,
    "P_large": 0.812978,
    "N_small": 0.79756,
    "N_large": 0.777056
  },
  "channel_response_means": {
    "P_small": 0.637457,
    "P_large": 0.643568,
    "N_small": 0.643955,
    "N_large": 0.638604
  },
  "signed_contrast_mean": 0.061058,
  "magnitude_balance_mean": 0.030222,
  "sector_resolution_pre_aggregation": true
}