{
  "score_by_offset": {
    "-4": 0.487913,
    "-3": 0.526855,
    "-2": 0.469877,
    "-1": 0.475851,
    "1": 0.508997,
    "2": 0.51757,
    "3": 0.499312,
    "4": 0.503209
  },
  "positive_minus_negative_offset_gap": 0.017148,
  "overall_score_mean": 0.498698
}