{
  "accuracy": 0.0,
  "backend": "sim_quantum_statevector",
  "calibration_slope": 2.591519,
  "data_mode": "synthetic_positional_key_query_offset_selection_response+readout_symbolic_positional_key_query_offset_selection_regressor+head_linear",
  "dataset": "synthetic_positional_key_query_offset_selection_response",
  "dataset_diagnostics": "{\"bounded_candidate_count_pass\": true, \"candidate_set_nontrivial_pass\": true, \"coarse_key_query_selection_state_null_max_abs_mean\": 1e-06, \"coarse_key_query_selection_state_null_pass\": true, \"dataset\": \"synthetic_positional_key_query_offset_selection_response\", \"key_query_selection_bucket_counts\": {\"0000\": 4, \"0001\": 4, \"0010\": 4, \"0011\": 4, \"0020\": 4, \"0021\": 4, \"0030\": 4, \"0031\": 4, \"0101\": 4, \"0111\": 4, \"0121\": 4, \"0131\": 4, \"0200\": 4, \"0201\": 4, \"0210\": 4, \"0211\": 4, \"0220\": 4, \"0221\": 4, \"0230\": 4, \"0231\": 4, \"1000\": 4, \"1001\": 4, \"1010\": 4, \"1011\": 4, \"1020\": 4, \"1021\": 4, \"1030\": 4, \"1031\": 4, \"1100\": 4, \"1101\": 4, \"1110\": 4, \"1111\": 4, \"1120\": 4, \"1121\": 4, \"1130\": 4, \"1131\": 4, \"1200\": 4, \"1201\": 4, \"1210\": 4, \"1211\": 4, \"1220\": 4, \"1221\": 4, \"1230\": 4, \"1231\": 4}, \"latent_key_query_selection_group_counts\": {\"0000\": 4, \"0001\": 4, \"0010\": 4, \"0011\": 4, \"0020\": 4, \"0021\": 4, \"0030\": 4, \"0031\": 4, \"0101\": 4, \"0111\": 4, \"0121\": 4, \"0131\": 4, \"0200\": 4, \"0201\": 4, \"0210\": 4, \"0211\": 4, \"0220\": 4, \"0221\": 4, \"0230\": 4, \"0231\": 4, \"1000\": 4, \"1001\": 4, \"1010\": 4, \"1011\": 4, \"1020\": 4, \"1021\": 4, \"1030\": 4, \"1031\": 4, \"1100\": 4, \"1101\": 4, \"1110\": 4, \"1111\": 4, \"1120\": 4, \"1121\": 4, \"1130\": 4, \"1131\": 4, \"1200\": 4, \"1201\": 4, \"1210\": 4, \"1211\": 4, \"1220\": 4, \"1221\": 4, \"1230\": 4, \"1231\": 4}, \"target_selection_nontrivial_pass\": true, \"target_slot_values\": [0, 1, 2, 3], \"token_view_balance_pass\": true, \"within_key_query_selection_state_target_ranges\": {\"0000\": 0.046206, \"0001\": 0.048757, \"0010\": 0.076385, \"0011\": 0.060075, \"0020\": 0.076984, \"0021\": 0.043734, \"0030\": 0.050911, \"0031\": 0.023713, \"0101\": 0.082861, \"0111\": 0.096446, \"0121\": 0.221773, \"0131\": 0.23594, \"0200\": 0.323372, \"0201\": 0.194026, \"0210\": 0.138325, \"0211\": 0.27402, \"0220\": 0.229802, \"0221\": 0.373208, \"0230\": 0.404382, \"0231\": 0.226817, \"1000\": 0.073946, \"1001\": 0.079704, \"1010\": 0.09271, \"1011\": 0.054797, \"1020\": 0.078938, \"1021\": 0.075422, \"1030\": 0.089225, \"1031\": 0.050489, \"1100\": 0.051969, \"1101\": 0.082107, \"1110\": 0.140173, \"1111\": 0.091371, \"1120\": 0.085865, \"1121\": 0.123122, \"1130\": 0.074745, \"1131\": 0.079431, \"1200\": 0.155727, \"1201\": 0.157456, \"1210\": 0.121336, \"1211\": 0.130473, \"1220\": 0.276622, \"1221\": 0.289441, \"1230\": 0.081374, \"1231\": 0.235868}, \"within_key_query_selection_state_variation_pass\": true}",
  "eval_loss": 0.047932122441321855,
  "f1": 0.0,
  "family": "control",
  "mae": 0.047932,
  "rank_correlation": 0.55673,
  "run_diagnostics": "{\"allowed_key_query_selection_symbolic_basis_frozen_pass\": true, \"bounded_candidate_count_pass\": true, \"calibration_slope\": 2.591519, \"candidate_set_nontrivial_pass\": true, \"coarse_key_query_selection_state_null_max_abs_mean\": 1e-06, \"coarse_key_query_selection_state_null_pass\": true, \"coefficients\": {\"candidate_gap_spread\": -0.008945, \"confusable_count\": 0.000294, \"cross_mean_content_orientation\": -0.006804, \"cross_mean_sector_content\": -0.005586, \"cross_mean_sector_orientation\": -0.008644, \"mean_ordered_content_delta\": 0.046734, \"mean_orientation_delta\": -0.010078, \"mean_sector_magnitude_delta\": 0.008586, \"mean_token_overlap\": 0.00674, \"query_anchor_sign\": -0.029378, \"query_candidate_content_mix\": 0.010002, \"query_candidate_orientation_mix\": -0.001013, \"query_desired_bucket\": 0.018704, \"query_desired_gap\": -0.025357, \"query_desired_side\": -0.049945, \"selected_target_slot\": -0.009375, \"target_gap\": 0.048527, \"target_token_overlap\": 0.032962}, \"dataset\": \"synthetic_positional_key_query_offset_selection_response\", \"feature_order\": [\"query_anchor_sign\", \"query_desired_gap\", \"query_desired_side\", \"query_desired_bucket\", \"selected_target_slot\", \"confusable_count\", \"candidate_gap_spread\", \"target_gap\", \"target_token_overlap\", \"mean_token_overlap\", \"mean_sector_magnitude_delta\", \"mean_ordered_content_delta\", \"mean_orientation_delta\", \"query_candidate_content_mix\", \"query_candidate_orientation_mix\", \"cross_mean_sector_content\", \"cross_mean_sector_orientation\", \"cross_mean_content_orientation\"], \"forbidden_inputs_absent\": true, \"forbidden_key_query_selection_feature_family_absent_pass\": true, \"intercept\": 0.032916, \"key_query_selection_bucket_counts\": {\"0000\": 4, \"0001\": 4, \"0010\": 4, \"0011\": 4, \"0020\": 4, \"0021\": 4, \"0030\": 4, \"0031\": 4, \"0101\": 4, \"0111\": 4, \"0121\": 4, \"0131\": 4, \"0200\": 4, \"0201\": 4, \"0210\": 4, \"0211\": 4, \"0220\": 4, \"0221\": 4, \"0230\": 4, \"0231\": 4, \"1000\": 4, \"1001\": 4, \"1010\": 4, \"1011\": 4, \"1020\": 4, \"1021\": 4, \"1030\": 4, \"1031\": 4, \"1100\": 4, \"1101\": 4, \"1110\": 4, \"1111\": 4, \"1120\": 4, \"1121\": 4, \"1130\": 4, \"1131\": 4, \"1200\": 4, \"1201\": 4, \"1210\": 4, \"1211\": 4, \"1220\": 4, \"1221\": 4, \"1230\": 4, \"1231\": 4}, \"latent_key_query_selection_group_counts\": {\"0000\": 4, \"0001\": 4, \"0010\": 4, \"0011\": 4, \"0020\": 4, \"0021\": 4, \"0030\": 4, \"0031\": 4, \"0101\": 4, \"0111\": 4, \"0121\": 4, \"0131\": 4, \"0200\": 4, \"0201\": 4, \"0210\": 4, \"0211\": 4, \"0220\": 4, \"0221\": 4, \"0230\": 4, \"0231\": 4, \"1000\": 4, \"1001\": 4, \"1010\": 4, \"1011\": 4, \"1020\": 4, \"1021\": 4, \"1030\": 4, \"1031\": 4, \"1100\": 4, \"1101\": 4, \"1110\": 4, \"1111\": 4, \"1120\": 4, \"1121\": 4, \"1130\": 4, \"1131\": 4, \"1200\": 4, \"1201\": 4, \"1210\": 4, \"1211\": 4, \"1220\": 4, \"1221\": 4, \"1230\": 4, \"1231\": 4}, \"mae\": 0.047932, \"rank_correlation\": 0.55673, \"target_selection_nontrivial_pass\": true, \"target_slot_values\": [0, 1, 2, 3], \"token_view_balance_pass\": true, \"within_key_query_selection_state_target_ranges\": {\"0000\": 0.046206, \"0001\": 0.048757, \"0010\": 0.076385, \"0011\": 0.060075, \"0020\": 0.076984, \"0021\": 0.043734, \"0030\": 0.050911, \"0031\": 0.023713, \"0101\": 0.082861, \"0111\": 0.096446, \"0121\": 0.221773, \"0131\": 0.23594, \"0200\": 0.323372, \"0201\": 0.194026, \"0210\": 0.138325, \"0211\": 0.27402, \"0220\": 0.229802, \"0221\": 0.373208, \"0230\": 0.404382, \"0231\": 0.226817, \"1000\": 0.073946, \"1001\": 0.079704, \"1010\": 0.09271, \"1011\": 0.054797, \"1020\": 0.078938, \"1021\": 0.075422, \"1030\": 0.089225, \"1031\": 0.050489, \"1100\": 0.051969, \"1101\": 0.082107, \"1110\": 0.140173, \"1111\": 0.091371, \"1120\": 0.085865, \"1121\": 0.123122, \"1130\": 0.074745, \"1131\": 0.079431, \"1200\": 0.155727, \"1201\": 0.157456, \"1210\": 0.121336, \"1211\": 0.130473, \"1220\": 0.276622, \"1221\": 0.289441, \"1230\": 0.081374, \"1231\": 0.235868}, \"within_key_query_selection_state_variation_pass\": true}",
  "seed": 777,
  "token_permutation": "cdab",
  "train_loss_final": 0.039300696264994904,
  "variant": "V_control_symbolic_positional_key_query_offset_selection_regressor"
}