{
  "accuracy": 0.0,
  "backend": "sim_quantum_statevector",
  "calibration_slope": 1.067092,
  "data_mode": "synthetic_positional_key_query_offset_selection_response+readout_relational_witness_positional_key_query_offset_selection+head_linear",
  "dataset": "synthetic_positional_key_query_offset_selection_response",
  "dataset_diagnostics": "{\"bounded_candidate_count_pass\": true, \"candidate_set_nontrivial_pass\": true, \"coarse_key_query_selection_state_null_max_abs_mean\": 1e-06, \"coarse_key_query_selection_state_null_pass\": true, \"dataset\": \"synthetic_positional_key_query_offset_selection_response\", \"key_query_selection_bucket_counts\": {\"0000\": 4, \"0001\": 4, \"0010\": 4, \"0011\": 4, \"0020\": 4, \"0021\": 4, \"0030\": 4, \"0031\": 4, \"0100\": 4, \"0101\": 4, \"0110\": 4, \"0111\": 4, \"0120\": 4, \"0121\": 4, \"0130\": 4, \"0131\": 4, \"0200\": 4, \"0201\": 4, \"0210\": 4, \"0211\": 4, \"0220\": 4, \"0221\": 4, \"0230\": 4, \"0231\": 4, \"1200\": 4, \"1201\": 4, \"1210\": 4, \"1211\": 4, \"1220\": 4, \"1221\": 4, \"1230\": 4, \"1231\": 4}, \"latent_key_query_selection_group_counts\": {\"0000\": 4, \"0001\": 4, \"0010\": 4, \"0011\": 4, \"0020\": 4, \"0021\": 4, \"0030\": 4, \"0031\": 4, \"0100\": 4, \"0101\": 4, \"0110\": 4, \"0111\": 4, \"0120\": 4, \"0121\": 4, \"0130\": 4, \"0131\": 4, \"0200\": 4, \"0201\": 4, \"0210\": 4, \"0211\": 4, \"0220\": 4, \"0221\": 4, \"0230\": 4, \"0231\": 4, \"1200\": 4, \"1201\": 4, \"1210\": 4, \"1211\": 4, \"1220\": 4, \"1221\": 4, \"1230\": 4, \"1231\": 4}, \"target_selection_nontrivial_pass\": true, \"target_slot_values\": [0, 1, 2, 3], \"token_view_balance_pass\": true, \"within_key_query_selection_state_target_ranges\": {\"0000\": 0.036954, \"0001\": 0.063621, \"0010\": 0.069647, \"0011\": 0.094873, \"0020\": 0.091881, \"0021\": 0.032293, \"0030\": 0.067783, \"0031\": 0.093284, \"0100\": 0.047789, \"0101\": 0.138099, \"0110\": 0.051572, \"0111\": 0.02699, \"0120\": 0.056637, \"0121\": 0.025571, \"0130\": 0.098025, \"0131\": 0.020871, \"0200\": 0.441287, \"0201\": 0.07118, \"0210\": 0.219802, \"0211\": 0.3802, \"0220\": 0.330258, \"0221\": 0.219314, \"0230\": 0.407567, \"0231\": 0.370056, \"1200\": 0.028603, \"1201\": 0.511214, \"1210\": 0.009085, \"1211\": 0.400862, \"1220\": 0.156333, \"1221\": 0.478441, \"1230\": 0.189297, \"1231\": 0.219314}, \"within_key_query_selection_state_variation_pass\": true}",
  "eval_loss": 0.06637269307211809,
  "f1": 0.0,
  "family": "witness",
  "mae": 0.066373,
  "rank_correlation": 0.328109,
  "run_diagnostics": "{\"bounded_candidate_count_pass\": true, \"bounded_feature_audit_pass\": true, \"calibration_slope\": 1.067092, \"candidate_set_nontrivial_pass\": true, \"coarse_key_query_selection_state_null_max_abs_mean\": 1e-06, \"coarse_key_query_selection_state_null_pass\": true, \"coefficients\": {\"candidate_gap_spread\": -0.036367, \"confusable_count\": 0.06776, \"key_query_selection_cross_curvature\": -0.011188, \"key_query_selection_declared_mix\": 0.077118, \"mean_distractor_curvature\": -0.048034, \"mean_distractor_gap\": -0.010492, \"mean_distractor_phase\": 0.01794, \"query_anchor_sign\": -0.039631, \"query_curvature\": 0.052892, \"query_desired_gap\": -0.055418, \"query_phase\": 0.014582, \"selected_target_slot\": -0.010669, \"target_curvature\": -0.051824, \"target_gap\": -0.015169, \"target_gap_margin\": -0.004677, \"target_phase\": 0.073634, \"target_phase_margin\": 0.055694, \"token_match_total\": 0.056275}, \"dataset\": \"synthetic_positional_key_query_offset_selection_response\", \"feature_order\": [\"query_phase\", \"query_curvature\", \"query_desired_gap\", \"query_anchor_sign\", \"target_phase\", \"target_curvature\", \"target_gap\", \"mean_distractor_phase\", \"mean_distractor_curvature\", \"mean_distractor_gap\", \"selected_target_slot\", \"confusable_count\", \"candidate_gap_spread\", \"target_phase_margin\", \"target_gap_margin\", \"token_match_total\", \"key_query_selection_declared_mix\", \"key_query_selection_cross_curvature\"], \"forbidden_inputs_absent\": true, \"forbidden_key_query_selection_feature_family_absent_pass\": true, \"intercept\": -0.018752, \"key_query_selection_bucket_counts\": {\"0000\": 4, \"0001\": 4, \"0010\": 4, \"0011\": 4, \"0020\": 4, \"0021\": 4, \"0030\": 4, \"0031\": 4, \"0100\": 4, \"0101\": 4, \"0110\": 4, \"0111\": 4, \"0120\": 4, \"0121\": 4, \"0130\": 4, \"0131\": 4, \"0200\": 4, \"0201\": 4, \"0210\": 4, \"0211\": 4, \"0220\": 4, \"0221\": 4, \"0230\": 4, \"0231\": 4, \"1200\": 4, \"1201\": 4, \"1210\": 4, \"1211\": 4, \"1220\": 4, \"1221\": 4, \"1230\": 4, \"1231\": 4}, \"latent_key_query_selection_group_counts\": {\"0000\": 4, \"0001\": 4, \"0010\": 4, \"0011\": 4, \"0020\": 4, \"0021\": 4, \"0030\": 4, \"0031\": 4, \"0100\": 4, \"0101\": 4, \"0110\": 4, \"0111\": 4, \"0120\": 4, \"0121\": 4, \"0130\": 4, \"0131\": 4, \"0200\": 4, \"0201\": 4, \"0210\": 4, \"0211\": 4, \"0220\": 4, \"0221\": 4, \"0230\": 4, \"0231\": 4, \"1200\": 4, \"1201\": 4, \"1210\": 4, \"1211\": 4, \"1220\": 4, \"1221\": 4, \"1230\": 4, \"1231\": 4}, \"mae\": 0.066373, \"rank_correlation\": 0.328109, \"target_selection_nontrivial_pass\": true, \"target_slot_values\": [0, 1, 2, 3], \"token_view_balance_pass\": true, \"within_key_query_selection_state_target_ranges\": {\"0000\": 0.036954, \"0001\": 0.063621, \"0010\": 0.069647, \"0011\": 0.094873, \"0020\": 0.091881, \"0021\": 0.032293, \"0030\": 0.067783, \"0031\": 0.093284, \"0100\": 0.047789, \"0101\": 0.138099, \"0110\": 0.051572, \"0111\": 0.02699, \"0120\": 0.056637, \"0121\": 0.025571, \"0130\": 0.098025, \"0131\": 0.020871, \"0200\": 0.441287, \"0201\": 0.07118, \"0210\": 0.219802, \"0211\": 0.3802, \"0220\": 0.330258, \"0221\": 0.219314, \"0230\": 0.407567, \"0231\": 0.370056, \"1200\": 0.028603, \"1201\": 0.511214, \"1210\": 0.009085, \"1211\": 0.400862, \"1220\": 0.156333, \"1221\": 0.478441, \"1230\": 0.189297, \"1231\": 0.219314}, \"within_key_query_selection_state_variation_pass\": true}",
  "seed": 42,
  "slot_swap": 1,
  "train_loss_final": 0.0355162464653394,
  "variant": "V_future_relational_witness_positional_key_query_offset_selection"
}