{
  "accuracy": 0.0,
  "backend": "sim_quantum_statevector",
  "calibration_slope": 0.320685,
  "data_mode": "synthetic_positional_key_query_offset_selection_response+readout_symbolic_positional_key_query_offset_selection_regressor+head_linear",
  "dataset": "synthetic_positional_key_query_offset_selection_response",
  "dataset_diagnostics": "{\"bounded_candidate_count_pass\": true, \"candidate_set_nontrivial_pass\": true, \"coarse_key_query_selection_state_null_max_abs_mean\": 1e-06, \"coarse_key_query_selection_state_null_pass\": true, \"dataset\": \"synthetic_positional_key_query_offset_selection_response\", \"key_query_selection_bucket_counts\": {\"0000\": 4, \"0001\": 4, \"0010\": 4, \"0011\": 4, \"0020\": 4, \"0021\": 4, \"0030\": 4, \"0031\": 4, \"0100\": 4, \"0101\": 4, \"0110\": 4, \"0111\": 4, \"0120\": 4, \"0121\": 4, \"0130\": 4, \"0131\": 4, \"0200\": 4, \"0201\": 4, \"0210\": 4, \"0211\": 4, \"0220\": 4, \"0221\": 4, \"0230\": 4, \"0231\": 4, \"1000\": 4, \"1001\": 4, \"1010\": 4, \"1011\": 4, \"1020\": 4, \"1021\": 4, \"1030\": 4, \"1031\": 4, \"1100\": 4, \"1101\": 4, \"1110\": 4, \"1111\": 4, \"1120\": 4, \"1121\": 4, \"1130\": 4, \"1131\": 4, \"1200\": 4, \"1201\": 4, \"1210\": 4, \"1211\": 4, \"1220\": 4, \"1221\": 4, \"1230\": 4, \"1231\": 4}, \"latent_key_query_selection_group_counts\": {\"0000\": 4, \"0001\": 4, \"0010\": 4, \"0011\": 4, \"0020\": 4, \"0021\": 4, \"0030\": 4, \"0031\": 4, \"0100\": 4, \"0101\": 4, \"0110\": 4, \"0111\": 4, \"0120\": 4, \"0121\": 4, \"0130\": 4, \"0131\": 4, \"0200\": 4, \"0201\": 4, \"0210\": 4, \"0211\": 4, \"0220\": 4, \"0221\": 4, \"0230\": 4, \"0231\": 4, \"1000\": 4, \"1001\": 4, \"1010\": 4, \"1011\": 4, \"1020\": 4, \"1021\": 4, \"1030\": 4, \"1031\": 4, \"1100\": 4, \"1101\": 4, \"1110\": 4, \"1111\": 4, \"1120\": 4, \"1121\": 4, \"1130\": 4, \"1131\": 4, \"1200\": 4, \"1201\": 4, \"1210\": 4, \"1211\": 4, \"1220\": 4, \"1221\": 4, \"1230\": 4, \"1231\": 4}, \"target_selection_nontrivial_pass\": true, \"target_slot_values\": [0, 1, 2, 3], \"token_view_balance_pass\": true, \"within_key_query_selection_state_target_ranges\": {\"0000\": 0.045274, \"0001\": 0.087074, \"0010\": 0.070303, \"0011\": 0.031044, \"0020\": 0.005911, \"0021\": 0.032796, \"0030\": 0.063629, \"0031\": 0.090032, \"0100\": 0.036354, \"0101\": 0.068559, \"0110\": 0.241039, \"0111\": 0.105385, \"0120\": 0.14079, \"0121\": 0.234615, \"0130\": 0.172098, \"0131\": 0.221513, \"0200\": 0.088283, \"0201\": 0.124159, \"0210\": 0.088027, \"0211\": 0.158636, \"0220\": 0.284175, \"0221\": 0.291039, \"0230\": 0.151154, \"0231\": 0.145228, \"1000\": 0.014401, \"1001\": 0.01337, \"1010\": 0.046157, \"1011\": 0.01829, \"1020\": 0.249801, \"1021\": 0.223629, \"1030\": 0.23603, \"1031\": 0.244749, \"1100\": 0.059986, \"1101\": 0.129951, \"1110\": 0.14789, \"1111\": 0.083497, \"1120\": 0.256485, \"1121\": 0.225899, \"1130\": 0.175359, \"1131\": 0.294693, \"1200\": 0.441036, \"1201\": 0.634658, \"1210\": 0.38744, \"1211\": 0.293524, \"1220\": 0.434716, \"1221\": 0.459856, \"1230\": 0.149778, \"1231\": 0.39234}, \"within_key_query_selection_state_variation_pass\": true}",
  "eval_loss": 0.0876724987124453,
  "f1": 0.0,
  "family": "control",
  "mae": 0.087672,
  "rank_correlation": 0.085215,
  "run_diagnostics": "{\"allowed_key_query_selection_symbolic_basis_frozen_pass\": true, \"bounded_candidate_count_pass\": true, \"calibration_slope\": 0.320685, \"candidate_set_nontrivial_pass\": true, \"coarse_key_query_selection_state_null_max_abs_mean\": 1e-06, \"coarse_key_query_selection_state_null_pass\": true, \"coefficients\": {\"candidate_gap_spread\": 0.013306, \"confusable_count\": -0.000459, \"cross_mean_content_orientation\": 0.002489, \"cross_mean_sector_content\": -0.00865, \"cross_mean_sector_orientation\": 0.001396, \"mean_ordered_content_delta\": 0.044743, \"mean_orientation_delta\": -0.009604, \"mean_sector_magnitude_delta\": 0.020335, \"mean_token_overlap\": -0.00825, \"query_anchor_sign\": -0.01591, \"query_candidate_content_mix\": 0.003837, \"query_candidate_orientation_mix\": -0.006886, \"query_desired_bucket\": -0.027128, \"query_desired_gap\": -0.064317, \"query_desired_side\": -0.009525, \"selected_target_slot\": 0.006717, \"target_gap\": -0.024577, \"target_token_overlap\": 0.04535}, \"dataset\": \"synthetic_positional_key_query_offset_selection_response\", \"feature_order\": [\"query_anchor_sign\", \"query_desired_gap\", \"query_desired_side\", \"query_desired_bucket\", \"selected_target_slot\", \"confusable_count\", \"candidate_gap_spread\", \"target_gap\", \"target_token_overlap\", \"mean_token_overlap\", \"mean_sector_magnitude_delta\", \"mean_ordered_content_delta\", \"mean_orientation_delta\", \"query_candidate_content_mix\", \"query_candidate_orientation_mix\", \"cross_mean_sector_content\", \"cross_mean_sector_orientation\", \"cross_mean_content_orientation\"], \"forbidden_inputs_absent\": true, \"forbidden_key_query_selection_feature_family_absent_pass\": true, \"intercept\": -0.019236, \"key_query_selection_bucket_counts\": {\"0000\": 4, \"0001\": 4, \"0010\": 4, \"0011\": 4, \"0020\": 4, \"0021\": 4, \"0030\": 4, \"0031\": 4, \"0100\": 4, \"0101\": 4, \"0110\": 4, \"0111\": 4, \"0120\": 4, \"0121\": 4, \"0130\": 4, \"0131\": 4, \"0200\": 4, \"0201\": 4, \"0210\": 4, \"0211\": 4, \"0220\": 4, \"0221\": 4, \"0230\": 4, \"0231\": 4, \"1000\": 4, \"1001\": 4, \"1010\": 4, \"1011\": 4, \"1020\": 4, \"1021\": 4, \"1030\": 4, \"1031\": 4, \"1100\": 4, \"1101\": 4, \"1110\": 4, \"1111\": 4, \"1120\": 4, \"1121\": 4, \"1130\": 4, \"1131\": 4, \"1200\": 4, \"1201\": 4, \"1210\": 4, \"1211\": 4, \"1220\": 4, \"1221\": 4, \"1230\": 4, \"1231\": 4}, \"latent_key_query_selection_group_counts\": {\"0000\": 4, \"0001\": 4, \"0010\": 4, \"0011\": 4, \"0020\": 4, \"0021\": 4, \"0030\": 4, \"0031\": 4, \"0100\": 4, \"0101\": 4, \"0110\": 4, \"0111\": 4, \"0120\": 4, \"0121\": 4, \"0130\": 4, \"0131\": 4, \"0200\": 4, \"0201\": 4, \"0210\": 4, \"0211\": 4, \"0220\": 4, \"0221\": 4, \"0230\": 4, \"0231\": 4, \"1000\": 4, \"1001\": 4, \"1010\": 4, \"1011\": 4, \"1020\": 4, \"1021\": 4, \"1030\": 4, \"1031\": 4, \"1100\": 4, \"1101\": 4, \"1110\": 4, \"1111\": 4, \"1120\": 4, \"1121\": 4, \"1130\": 4, \"1131\": 4, \"1200\": 4, \"1201\": 4, \"1210\": 4, \"1211\": 4, \"1220\": 4, \"1221\": 4, \"1230\": 4, \"1231\": 4}, \"mae\": 0.087672, \"rank_correlation\": 0.085215, \"target_selection_nontrivial_pass\": true, \"target_slot_values\": [0, 1, 2, 3], \"token_view_balance_pass\": true, \"within_key_query_selection_state_target_ranges\": {\"0000\": 0.045274, \"0001\": 0.087074, \"0010\": 0.070303, \"0011\": 0.031044, \"0020\": 0.005911, \"0021\": 0.032796, \"0030\": 0.063629, \"0031\": 0.090032, \"0100\": 0.036354, \"0101\": 0.068559, \"0110\": 0.241039, \"0111\": 0.105385, \"0120\": 0.14079, \"0121\": 0.234615, \"0130\": 0.172098, \"0131\": 0.221513, \"0200\": 0.088283, \"0201\": 0.124159, \"0210\": 0.088027, \"0211\": 0.158636, \"0220\": 0.284175, \"0221\": 0.291039, \"0230\": 0.151154, \"0231\": 0.145228, \"1000\": 0.014401, \"1001\": 0.01337, \"1010\": 0.046157, \"1011\": 0.01829, \"1020\": 0.249801, \"1021\": 0.223629, \"1030\": 0.23603, \"1031\": 0.244749, \"1100\": 0.059986, \"1101\": 0.129951, \"1110\": 0.14789, \"1111\": 0.083497, \"1120\": 0.256485, \"1121\": 0.225899, \"1130\": 0.175359, \"1131\": 0.294693, \"1200\": 0.441036, \"1201\": 0.634658, \"1210\": 0.38744, \"1211\": 0.293524, \"1220\": 0.434716, \"1221\": 0.459856, \"1230\": 0.149778, \"1231\": 0.39234}, \"within_key_query_selection_state_variation_pass\": true}",
  "seed": 777,
  "slot_swap": 1,
  "train_loss_final": 0.05312571561834719,
  "variant": "V_control_symbolic_positional_key_query_offset_selection_regressor"
}