{
  "accuracy": 0.0,
  "backend": "sim_quantum_statevector",
  "calibration_slope": 0.579216,
  "data_mode": "synthetic_positional_key_query_offset_selection_response+readout_symbolic_positional_key_query_offset_selection_regressor+head_linear",
  "dataset": "synthetic_positional_key_query_offset_selection_response",
  "dataset_diagnostics": "{\"bounded_candidate_count_pass\": true, \"candidate_set_nontrivial_pass\": true, \"coarse_key_query_selection_state_null_max_abs_mean\": 1e-06, \"coarse_key_query_selection_state_null_pass\": true, \"dataset\": \"synthetic_positional_key_query_offset_selection_response\", \"key_query_selection_bucket_counts\": {\"0100\": 4, \"0101\": 4, \"0110\": 4, \"0111\": 4, \"0120\": 4, \"0121\": 4, \"0130\": 4, \"0131\": 4, \"0200\": 4, \"0201\": 4, \"0210\": 4, \"0211\": 4, \"0220\": 4, \"0221\": 4, \"0230\": 4, \"0231\": 4, \"1101\": 4, \"1111\": 4, \"1121\": 4, \"1131\": 4, \"1200\": 4, \"1201\": 4, \"1210\": 4, \"1211\": 4, \"1220\": 4, \"1221\": 4, \"1230\": 4, \"1231\": 4}, \"latent_key_query_selection_group_counts\": {\"0100\": 4, \"0101\": 4, \"0110\": 4, \"0111\": 4, \"0120\": 4, \"0121\": 4, \"0130\": 4, \"0131\": 4, \"0200\": 4, \"0201\": 4, \"0210\": 4, \"0211\": 4, \"0220\": 4, \"0221\": 4, \"0230\": 4, \"0231\": 4, \"1101\": 4, \"1111\": 4, \"1121\": 4, \"1131\": 4, \"1200\": 4, \"1201\": 4, \"1210\": 4, \"1211\": 4, \"1220\": 4, \"1221\": 4, \"1230\": 4, \"1231\": 4}, \"target_selection_nontrivial_pass\": true, \"target_slot_values\": [0, 1, 2, 3], \"token_view_balance_pass\": true, \"within_key_query_selection_state_target_ranges\": {\"0100\": 0.11099, \"0101\": 0.117247, \"0110\": 0.377881, \"0111\": 0.138858, \"0120\": 0.373991, \"0121\": 0.421664, \"0130\": 0.359122, \"0131\": 0.3543, \"0200\": 0.039297, \"0201\": 0.115945, \"0210\": 0.176317, \"0211\": 0.227628, \"0220\": 0.155351, \"0221\": 0.244215, \"0230\": 0.16512, \"0231\": 0.252804, \"1101\": 0.157219, \"1111\": 0.220257, \"1121\": 0.236943, \"1131\": 0.110124, \"1200\": 0.079761, \"1201\": 0.076936, \"1210\": 0.40474, \"1211\": 0.078971, \"1220\": 0.407383, \"1221\": 0.208397, \"1230\": 0.284234, \"1231\": 0.407154}, \"within_key_query_selection_state_variation_pass\": true}",
  "eval_loss": 0.09349674867038245,
  "f1": 0.0,
  "family": "control",
  "mae": 0.093497,
  "rank_correlation": 0.324028,
  "run_diagnostics": "{\"allowed_key_query_selection_symbolic_basis_frozen_pass\": true, \"bounded_candidate_count_pass\": true, \"calibration_slope\": 0.579216, \"candidate_set_nontrivial_pass\": true, \"coarse_key_query_selection_state_null_max_abs_mean\": 1e-06, \"coarse_key_query_selection_state_null_pass\": true, \"coefficients\": {\"candidate_gap_spread\": -0.04059, \"confusable_count\": -0.051026, \"cross_mean_content_orientation\": -0.027852, \"cross_mean_sector_content\": -0.003137, \"cross_mean_sector_orientation\": 0.02538, \"mean_ordered_content_delta\": 0.020246, \"mean_orientation_delta\": -0.049869, \"mean_sector_magnitude_delta\": 0.052008, \"mean_token_overlap\": -0.016376, \"query_anchor_sign\": 0.09284, \"query_candidate_content_mix\": -0.006972, \"query_candidate_orientation_mix\": -0.008828, \"query_desired_bucket\": 0.013117, \"query_desired_gap\": -0.048761, \"query_desired_side\": -0.027799, \"selected_target_slot\": 0.034935, \"target_gap\": 0.118181, \"target_token_overlap\": 0.150937}, \"dataset\": \"synthetic_positional_key_query_offset_selection_response\", \"feature_order\": [\"query_anchor_sign\", \"query_desired_gap\", \"query_desired_side\", \"query_desired_bucket\", \"selected_target_slot\", \"confusable_count\", \"candidate_gap_spread\", \"target_gap\", \"target_token_overlap\", \"mean_token_overlap\", \"mean_sector_magnitude_delta\", \"mean_ordered_content_delta\", \"mean_orientation_delta\", \"query_candidate_content_mix\", \"query_candidate_orientation_mix\", \"cross_mean_sector_content\", \"cross_mean_sector_orientation\", \"cross_mean_content_orientation\"], \"forbidden_inputs_absent\": true, \"forbidden_key_query_selection_feature_family_absent_pass\": true, \"intercept\": -0.030457, \"key_query_selection_bucket_counts\": {\"0100\": 4, \"0101\": 4, \"0110\": 4, \"0111\": 4, \"0120\": 4, \"0121\": 4, \"0130\": 4, \"0131\": 4, \"0200\": 4, \"0201\": 4, \"0210\": 4, \"0211\": 4, \"0220\": 4, \"0221\": 4, \"0230\": 4, \"0231\": 4, \"1101\": 4, \"1111\": 4, \"1121\": 4, \"1131\": 4, \"1200\": 4, \"1201\": 4, \"1210\": 4, \"1211\": 4, \"1220\": 4, \"1221\": 4, \"1230\": 4, \"1231\": 4}, \"latent_key_query_selection_group_counts\": {\"0100\": 4, \"0101\": 4, \"0110\": 4, \"0111\": 4, \"0120\": 4, \"0121\": 4, \"0130\": 4, \"0131\": 4, \"0200\": 4, \"0201\": 4, \"0210\": 4, \"0211\": 4, \"0220\": 4, \"0221\": 4, \"0230\": 4, \"0231\": 4, \"1101\": 4, \"1111\": 4, \"1121\": 4, \"1131\": 4, \"1200\": 4, \"1201\": 4, \"1210\": 4, \"1211\": 4, \"1220\": 4, \"1221\": 4, \"1230\": 4, \"1231\": 4}, \"mae\": 0.093497, \"rank_correlation\": 0.324028, \"target_selection_nontrivial_pass\": true, \"target_slot_values\": [0, 1, 2, 3], \"token_view_balance_pass\": true, \"within_key_query_selection_state_target_ranges\": {\"0100\": 0.11099, \"0101\": 0.117247, \"0110\": 0.377881, \"0111\": 0.138858, \"0120\": 0.373991, \"0121\": 0.421664, \"0130\": 0.359122, \"0131\": 0.3543, \"0200\": 0.039297, \"0201\": 0.115945, \"0210\": 0.176317, \"0211\": 0.227628, \"0220\": 0.155351, \"0221\": 0.244215, \"0230\": 0.16512, \"0231\": 0.252804, \"1101\": 0.157219, \"1111\": 0.220257, \"1121\": 0.236943, \"1131\": 0.110124, \"1200\": 0.079761, \"1201\": 0.076936, \"1210\": 0.40474, \"1211\": 0.078971, \"1220\": 0.407383, \"1221\": 0.208397, \"1230\": 0.284234, \"1231\": 0.407154}, \"within_key_query_selection_state_variation_pass\": true}",
  "seed": 123,
  "slot_swap": 1,
  "train_loss_final": 0.06057198276376857,
  "variant": "V_control_symbolic_positional_key_query_offset_selection_regressor"
}