{
  "score_by_offset": {
    "-4": 0.450241,
    "-3": 0.469493,
    "-2": 0.488463,
    "-1": 0.500725,
    "1": 0.507863,
    "2": 0.466202,
    "3": 0.471423,
    "4": 0.483228
  },
  "positive_minus_negative_offset_gap": -0.01251,
  "overall_score_mean": 0.479705
}