{
  "accuracy": 0.0,
  "backend": "sim_quantum_statevector",
  "calibration_slope": 1.119769,
  "data_mode": "synthetic_positional_key_query_offset_selection_response+readout_relational_witness_positional_key_query_offset_selection+head_linear",
  "dataset": "synthetic_positional_key_query_offset_selection_response",
  "dataset_diagnostics": "{\"bounded_candidate_count_pass\": true, \"candidate_set_nontrivial_pass\": true, \"coarse_key_query_selection_state_null_max_abs_mean\": 1e-06, \"coarse_key_query_selection_state_null_pass\": true, \"dataset\": \"synthetic_positional_key_query_offset_selection_response\", \"key_query_selection_bucket_counts\": {\"0000\": 4, \"0001\": 4, \"0010\": 4, \"0011\": 4, \"0020\": 4, \"0021\": 4, \"0030\": 4, \"0031\": 4, \"0200\": 4, \"0201\": 4, \"0210\": 4, \"0211\": 4, \"0220\": 4, \"0221\": 4, \"0230\": 4, \"0231\": 4, \"1101\": 4, \"1111\": 4, \"1121\": 4, \"1131\": 4, \"1200\": 4, \"1201\": 4, \"1210\": 4, \"1211\": 4, \"1220\": 4, \"1221\": 4, \"1230\": 4, \"1231\": 4}, \"latent_key_query_selection_group_counts\": {\"0000\": 4, \"0001\": 4, \"0010\": 4, \"0011\": 4, \"0020\": 4, \"0021\": 4, \"0030\": 4, \"0031\": 4, \"0200\": 4, \"0201\": 4, \"0210\": 4, \"0211\": 4, \"0220\": 4, \"0221\": 4, \"0230\": 4, \"0231\": 4, \"1101\": 4, \"1111\": 4, \"1121\": 4, \"1131\": 4, \"1200\": 4, \"1201\": 4, \"1210\": 4, \"1211\": 4, \"1220\": 4, \"1221\": 4, \"1230\": 4, \"1231\": 4}, \"target_selection_nontrivial_pass\": true, \"target_slot_values\": [0, 1, 2, 3], \"token_view_balance_pass\": true, \"within_key_query_selection_state_target_ranges\": {\"0000\": 0.082419, \"0001\": 0.082717, \"0010\": 0.041694, \"0011\": 0.0245, \"0020\": 0.330617, \"0021\": 0.351097, \"0030\": 0.36479, \"0031\": 0.315372, \"0200\": 0.401744, \"0201\": 0.09483, \"0210\": 0.293812, \"0211\": 0.227572, \"0220\": 0.226399, \"0221\": 0.368334, \"0230\": 0.059441, \"0231\": 0.312701, \"1101\": 0.102482, \"1111\": 0.04169, \"1121\": 0.067089, \"1131\": 0.049243, \"1200\": 0.023675, \"1201\": 0.290982, \"1210\": 0.301701, \"1211\": 0.443766, \"1220\": 0.06723, \"1221\": 0.326972, \"1230\": 0.350508, \"1231\": 0.105129}, \"within_key_query_selection_state_variation_pass\": true}",
  "eval_loss": 0.0562000890321506,
  "f1": 0.0,
  "family": "witness",
  "mae": 0.0562,
  "pair_reindex": 1,
  "rank_correlation": 0.750411,
  "run_diagnostics": "{\"bounded_candidate_count_pass\": true, \"bounded_feature_audit_pass\": true, \"calibration_slope\": 1.119769, \"candidate_set_nontrivial_pass\": true, \"coarse_key_query_selection_state_null_max_abs_mean\": 1e-06, \"coarse_key_query_selection_state_null_pass\": true, \"coefficients\": {\"candidate_gap_spread\": -0.025857, \"confusable_count\": -0.004437, \"key_query_selection_cross_curvature\": -0.011036, \"key_query_selection_declared_mix\": 0.034935, \"mean_distractor_curvature\": 0.002668, \"mean_distractor_gap\": -0.003762, \"mean_distractor_phase\": 0.049096, \"query_anchor_sign\": 0.017186, \"query_curvature\": 0.004033, \"query_desired_gap\": 0.003216, \"query_phase\": -0.062271, \"selected_target_slot\": -0.071734, \"target_curvature\": 0.125512, \"target_gap\": 0.015799, \"target_gap_margin\": 0.019561, \"target_phase\": 0.099823, \"target_phase_margin\": 0.050727, \"token_match_total\": 0.015384}, \"dataset\": \"synthetic_positional_key_query_offset_selection_response\", \"feature_order\": [\"query_phase\", \"query_curvature\", \"query_desired_gap\", \"query_anchor_sign\", \"target_phase\", \"target_curvature\", \"target_gap\", \"mean_distractor_phase\", \"mean_distractor_curvature\", \"mean_distractor_gap\", \"selected_target_slot\", \"confusable_count\", \"candidate_gap_spread\", \"target_phase_margin\", \"target_gap_margin\", \"token_match_total\", \"key_query_selection_declared_mix\", \"key_query_selection_cross_curvature\"], \"forbidden_inputs_absent\": true, \"forbidden_key_query_selection_feature_family_absent_pass\": true, \"intercept\": -0.01911, \"key_query_selection_bucket_counts\": {\"0000\": 4, \"0001\": 4, \"0010\": 4, \"0011\": 4, \"0020\": 4, \"0021\": 4, \"0030\": 4, \"0031\": 4, \"0200\": 4, \"0201\": 4, \"0210\": 4, \"0211\": 4, \"0220\": 4, \"0221\": 4, \"0230\": 4, \"0231\": 4, \"1101\": 4, \"1111\": 4, \"1121\": 4, \"1131\": 4, \"1200\": 4, \"1201\": 4, \"1210\": 4, \"1211\": 4, \"1220\": 4, \"1221\": 4, \"1230\": 4, \"1231\": 4}, \"latent_key_query_selection_group_counts\": {\"0000\": 4, \"0001\": 4, \"0010\": 4, \"0011\": 4, \"0020\": 4, \"0021\": 4, \"0030\": 4, \"0031\": 4, \"0200\": 4, \"0201\": 4, \"0210\": 4, \"0211\": 4, \"0220\": 4, \"0221\": 4, \"0230\": 4, \"0231\": 4, \"1101\": 4, \"1111\": 4, \"1121\": 4, \"1131\": 4, \"1200\": 4, \"1201\": 4, \"1210\": 4, \"1211\": 4, \"1220\": 4, \"1221\": 4, \"1230\": 4, \"1231\": 4}, \"mae\": 0.0562, \"rank_correlation\": 0.750411, \"target_selection_nontrivial_pass\": true, \"target_slot_values\": [0, 1, 2, 3], \"token_view_balance_pass\": true, \"within_key_query_selection_state_target_ranges\": {\"0000\": 0.082419, \"0001\": 0.082717, \"0010\": 0.041694, \"0011\": 0.0245, \"0020\": 0.330617, \"0021\": 0.351097, \"0030\": 0.36479, \"0031\": 0.315372, \"0200\": 0.401744, \"0201\": 0.09483, \"0210\": 0.293812, \"0211\": 0.227572, \"0220\": 0.226399, \"0221\": 0.368334, \"0230\": 0.059441, \"0231\": 0.312701, \"1101\": 0.102482, \"1111\": 0.04169, \"1121\": 0.067089, \"1131\": 0.049243, \"1200\": 0.023675, \"1201\": 0.290982, \"1210\": 0.301701, \"1211\": 0.443766, \"1220\": 0.06723, \"1221\": 0.326972, \"1230\": 0.350508, \"1231\": 0.105129}, \"within_key_query_selection_state_variation_pass\": true}",
  "seed": 123,
  "train_loss_final": 0.05159200264742735,
  "variant": "V_future_relational_witness_positional_key_query_offset_selection"
}