{
  "score_by_offset": {
    "-4": 0.554609,
    "-3": 0.447313,
    "-2": 0.498998,
    "-1": 0.462355,
    "1": 0.55863,
    "2": 0.444957,
    "3": 0.492523,
    "4": 0.569681
  },
  "positive_minus_negative_offset_gap": 0.025629,
  "overall_score_mean": 0.503633
}