{
  "score_by_offset": {
    "-4": 0.258472,
    "-3": 0.258472,
    "-2": 0.258415,
    "-1": 0.258415,
    "1": 0.740453,
    "2": 0.740453,
    "3": 0.740437,
    "4": 0.740437
  },
  "positive_minus_negative_offset_gap": 0.482001,
  "overall_score_mean": 0.499444,
  "sector_responses": {
    "P_small": 0.836662,
    "P_large": 0.825898,
    "N_small": 0.808918,
    "N_large": 0.7864
  },
  "channel_response_means": {
    "P_small": 0.650399,
    "P_large": 0.656936,
    "N_small": 0.657217,
    "N_large": 0.65123
  },
  "signed_contrast_mean": 0.067242,
  "magnitude_balance_mean": 0.033282,
  "sector_resolution_pre_aggregation": true
}