{
  "accuracy": 0.0,
  "backend": "sim_quantum_statevector",
  "calibration_slope": 1.966078,
  "data_mode": "synthetic_positional_key_query_offset_selection_response+readout_symbolic_positional_key_query_offset_selection_regressor+head_linear",
  "dataset": "synthetic_positional_key_query_offset_selection_response",
  "dataset_diagnostics": "{\"bounded_candidate_count_pass\": true, \"candidate_set_nontrivial_pass\": true, \"coarse_key_query_selection_state_null_max_abs_mean\": 1e-06, \"coarse_key_query_selection_state_null_pass\": true, \"dataset\": \"synthetic_positional_key_query_offset_selection_response\", \"key_query_selection_bucket_counts\": {\"0000\": 4, \"0001\": 4, \"0010\": 4, \"0011\": 4, \"0020\": 4, \"0021\": 4, \"0030\": 4, \"0031\": 4, \"0100\": 4, \"0101\": 4, \"0110\": 4, \"0111\": 4, \"0120\": 4, \"0121\": 4, \"0130\": 4, \"0131\": 4, \"0200\": 4, \"0201\": 4, \"0210\": 4, \"0211\": 4, \"0220\": 4, \"0221\": 4, \"0230\": 4, \"0231\": 4, \"1200\": 4, \"1201\": 4, \"1210\": 4, \"1211\": 4, \"1220\": 4, \"1221\": 4, \"1230\": 4, \"1231\": 4}, \"latent_key_query_selection_group_counts\": {\"0000\": 4, \"0001\": 4, \"0010\": 4, \"0011\": 4, \"0020\": 4, \"0021\": 4, \"0030\": 4, \"0031\": 4, \"0100\": 4, \"0101\": 4, \"0110\": 4, \"0111\": 4, \"0120\": 4, \"0121\": 4, \"0130\": 4, \"0131\": 4, \"0200\": 4, \"0201\": 4, \"0210\": 4, \"0211\": 4, \"0220\": 4, \"0221\": 4, \"0230\": 4, \"0231\": 4, \"1200\": 4, \"1201\": 4, \"1210\": 4, \"1211\": 4, \"1220\": 4, \"1221\": 4, \"1230\": 4, \"1231\": 4}, \"target_selection_nontrivial_pass\": true, \"target_slot_values\": [0, 1, 2, 3], \"token_view_balance_pass\": true, \"within_key_query_selection_state_target_ranges\": {\"0000\": 0.036954, \"0001\": 0.063621, \"0010\": 0.069647, \"0011\": 0.094873, \"0020\": 0.091881, \"0021\": 0.032293, \"0030\": 0.067783, \"0031\": 0.093284, \"0100\": 0.047789, \"0101\": 0.138099, \"0110\": 0.051572, \"0111\": 0.02699, \"0120\": 0.056637, \"0121\": 0.025571, \"0130\": 0.098025, \"0131\": 0.020871, \"0200\": 0.441287, \"0201\": 0.07118, \"0210\": 0.219802, \"0211\": 0.3802, \"0220\": 0.330258, \"0221\": 0.219314, \"0230\": 0.407567, \"0231\": 0.370056, \"1200\": 0.028603, \"1201\": 0.511214, \"1210\": 0.009085, \"1211\": 0.400862, \"1220\": 0.156333, \"1221\": 0.478441, \"1230\": 0.189297, \"1231\": 0.219314}, \"within_key_query_selection_state_variation_pass\": true}",
  "eval_loss": 0.06536802133133082,
  "f1": 0.0,
  "family": "control",
  "mae": 0.065368,
  "rank_correlation": 0.523325,
  "run_diagnostics": "{\"allowed_key_query_selection_symbolic_basis_frozen_pass\": true, \"bounded_candidate_count_pass\": true, \"calibration_slope\": 1.966078, \"candidate_set_nontrivial_pass\": true, \"coarse_key_query_selection_state_null_max_abs_mean\": 1e-06, \"coarse_key_query_selection_state_null_pass\": true, \"coefficients\": {\"candidate_gap_spread\": 0.016846, \"confusable_count\": -0.011483, \"cross_mean_content_orientation\": -0.014894, \"cross_mean_sector_content\": 0.000336, \"cross_mean_sector_orientation\": -0.00701, \"mean_ordered_content_delta\": -0.054003, \"mean_orientation_delta\": 0.01222, \"mean_sector_magnitude_delta\": 0.010753, \"mean_token_overlap\": 0.008352, \"query_anchor_sign\": -0.031789, \"query_candidate_content_mix\": 0.015273, \"query_candidate_orientation_mix\": 0.008141, \"query_desired_bucket\": -0.009295, \"query_desired_gap\": 0.033587, \"query_desired_side\": 0.010082, \"selected_target_slot\": -0.003291, \"target_gap\": -0.070129, \"target_token_overlap\": 0.039402}, \"dataset\": \"synthetic_positional_key_query_offset_selection_response\", \"feature_order\": [\"query_anchor_sign\", \"query_desired_gap\", \"query_desired_side\", \"query_desired_bucket\", \"selected_target_slot\", \"confusable_count\", \"candidate_gap_spread\", \"target_gap\", \"target_token_overlap\", \"mean_token_overlap\", \"mean_sector_magnitude_delta\", \"mean_ordered_content_delta\", \"mean_orientation_delta\", \"query_candidate_content_mix\", \"query_candidate_orientation_mix\", \"cross_mean_sector_content\", \"cross_mean_sector_orientation\", \"cross_mean_content_orientation\"], \"forbidden_inputs_absent\": true, \"forbidden_key_query_selection_feature_family_absent_pass\": true, \"intercept\": -0.021906, \"key_query_selection_bucket_counts\": {\"0000\": 4, \"0001\": 4, \"0010\": 4, \"0011\": 4, \"0020\": 4, \"0021\": 4, \"0030\": 4, \"0031\": 4, \"0100\": 4, \"0101\": 4, \"0110\": 4, \"0111\": 4, \"0120\": 4, \"0121\": 4, \"0130\": 4, \"0131\": 4, \"0200\": 4, \"0201\": 4, \"0210\": 4, \"0211\": 4, \"0220\": 4, \"0221\": 4, \"0230\": 4, \"0231\": 4, \"1200\": 4, \"1201\": 4, \"1210\": 4, \"1211\": 4, \"1220\": 4, \"1221\": 4, \"1230\": 4, \"1231\": 4}, \"latent_key_query_selection_group_counts\": {\"0000\": 4, \"0001\": 4, \"0010\": 4, \"0011\": 4, \"0020\": 4, \"0021\": 4, \"0030\": 4, \"0031\": 4, \"0100\": 4, \"0101\": 4, \"0110\": 4, \"0111\": 4, \"0120\": 4, \"0121\": 4, \"0130\": 4, \"0131\": 4, \"0200\": 4, \"0201\": 4, \"0210\": 4, \"0211\": 4, \"0220\": 4, \"0221\": 4, \"0230\": 4, \"0231\": 4, \"1200\": 4, \"1201\": 4, \"1210\": 4, \"1211\": 4, \"1220\": 4, \"1221\": 4, \"1230\": 4, \"1231\": 4}, \"mae\": 0.065368, \"rank_correlation\": 0.523325, \"target_selection_nontrivial_pass\": true, \"target_slot_values\": [0, 1, 2, 3], \"token_view_balance_pass\": true, \"within_key_query_selection_state_target_ranges\": {\"0000\": 0.036954, \"0001\": 0.063621, \"0010\": 0.069647, \"0011\": 0.094873, \"0020\": 0.091881, \"0021\": 0.032293, \"0030\": 0.067783, \"0031\": 0.093284, \"0100\": 0.047789, \"0101\": 0.138099, \"0110\": 0.051572, \"0111\": 0.02699, \"0120\": 0.056637, \"0121\": 0.025571, \"0130\": 0.098025, \"0131\": 0.020871, \"0200\": 0.441287, \"0201\": 0.07118, \"0210\": 0.219802, \"0211\": 0.3802, \"0220\": 0.330258, \"0221\": 0.219314, \"0230\": 0.407567, \"0231\": 0.370056, \"1200\": 0.028603, \"1201\": 0.511214, \"1210\": 0.009085, \"1211\": 0.400862, \"1220\": 0.156333, \"1221\": 0.478441, \"1230\": 0.189297, \"1231\": 0.219314}, \"within_key_query_selection_state_variation_pass\": true}",
  "seed": 42,
  "slot_swap": 1,
  "train_loss_final": 0.0580289643665214,
  "variant": "V_control_symbolic_positional_key_query_offset_selection_regressor"
}