{
  "accuracy": 0.0,
  "backend": "sim_quantum_statevector",
  "calibration_slope": -0.210381,
  "data_mode": "synthetic_positional_key_query_offset_selection_response+readout_symbolic_positional_key_query_offset_selection_regressor+head_linear",
  "dataset": "synthetic_positional_key_query_offset_selection_response",
  "dataset_diagnostics": "{\"bounded_candidate_count_pass\": true, \"candidate_set_nontrivial_pass\": true, \"coarse_key_query_selection_state_null_max_abs_mean\": 1e-06, \"coarse_key_query_selection_state_null_pass\": true, \"dataset\": \"synthetic_positional_key_query_offset_selection_response\", \"key_query_selection_bucket_counts\": {\"0000\": 4, \"0001\": 4, \"0010\": 4, \"0011\": 4, \"0020\": 4, \"0021\": 4, \"0030\": 4, \"0031\": 4, \"0100\": 4, \"0101\": 4, \"0110\": 4, \"0111\": 4, \"0120\": 4, \"0121\": 4, \"0130\": 4, \"0131\": 4, \"0200\": 4, \"0201\": 4, \"0210\": 4, \"0211\": 4, \"0220\": 4, \"0221\": 4, \"0230\": 4, \"0231\": 4, \"1000\": 4, \"1010\": 4, \"1020\": 4, \"1030\": 4, \"1100\": 4, \"1101\": 4, \"1110\": 4, \"1111\": 4, \"1120\": 4, \"1121\": 4, \"1130\": 4, \"1131\": 4, \"1200\": 4, \"1201\": 4, \"1210\": 4, \"1211\": 4, \"1220\": 4, \"1221\": 4, \"1230\": 4, \"1231\": 4}, \"latent_key_query_selection_group_counts\": {\"0000\": 4, \"0001\": 4, \"0010\": 4, \"0011\": 4, \"0020\": 4, \"0021\": 4, \"0030\": 4, \"0031\": 4, \"0100\": 4, \"0101\": 4, \"0110\": 4, \"0111\": 4, \"0120\": 4, \"0121\": 4, \"0130\": 4, \"0131\": 4, \"0200\": 4, \"0201\": 4, \"0210\": 4, \"0211\": 4, \"0220\": 4, \"0221\": 4, \"0230\": 4, \"0231\": 4, \"1000\": 4, \"1010\": 4, \"1020\": 4, \"1030\": 4, \"1100\": 4, \"1101\": 4, \"1110\": 4, \"1111\": 4, \"1120\": 4, \"1121\": 4, \"1130\": 4, \"1131\": 4, \"1200\": 4, \"1201\": 4, \"1210\": 4, \"1211\": 4, \"1220\": 4, \"1221\": 4, \"1230\": 4, \"1231\": 4}, \"target_selection_nontrivial_pass\": true, \"target_slot_values\": [0, 1, 2, 3], \"token_view_balance_pass\": true, \"within_key_query_selection_state_target_ranges\": {\"0000\": 0.036228, \"0001\": 0.043493, \"0010\": 0.0286, \"0011\": 0.018219, \"0020\": 0.037147, \"0021\": 0.086717, \"0030\": 0.036917, \"0031\": 0.005908, \"0100\": 0.351793, \"0101\": 0.070691, \"0110\": 0.367408, \"0111\": 0.406448, \"0120\": 0.388257, \"0121\": 0.383731, \"0130\": 0.406154, \"0131\": 0.066792, \"0200\": 0.009897, \"0201\": 0.201448, \"0210\": 0.247368, \"0211\": 0.288466, \"0220\": 0.028326, \"0221\": 0.365785, \"0230\": 0.059237, \"0231\": 0.474848, \"1000\": 0.125706, \"1010\": 0.008193, \"1020\": 0.117051, \"1030\": 0.096985, \"1100\": 0.134544, \"1101\": 0.049748, \"1110\": 0.261952, \"1111\": 0.182516, \"1120\": 0.284495, \"1121\": 0.182781, \"1130\": 0.259262, \"1131\": 0.204668, \"1200\": 0.097583, \"1201\": 0.294409, \"1210\": 0.164397, \"1211\": 0.286873, \"1220\": 0.4167, \"1221\": 0.382223, \"1230\": 0.339479, \"1231\": 0.29601}, \"within_key_query_selection_state_variation_pass\": true}",
  "eval_loss": 0.09164496708574386,
  "f1": 0.0,
  "family": "control",
  "mae": 0.091645,
  "pair_reindex": 1,
  "rank_correlation": -0.108386,
  "run_diagnostics": "{\"allowed_key_query_selection_symbolic_basis_frozen_pass\": true, \"bounded_candidate_count_pass\": true, \"calibration_slope\": -0.210381, \"candidate_set_nontrivial_pass\": true, \"coarse_key_query_selection_state_null_max_abs_mean\": 1e-06, \"coarse_key_query_selection_state_null_pass\": true, \"coefficients\": {\"candidate_gap_spread\": 0.016922, \"confusable_count\": -0.016419, \"cross_mean_content_orientation\": -0.001791, \"cross_mean_sector_content\": -0.016187, \"cross_mean_sector_orientation\": -0.025697, \"mean_ordered_content_delta\": -0.067268, \"mean_orientation_delta\": 0.075047, \"mean_sector_magnitude_delta\": 0.121862, \"mean_token_overlap\": 0.024845, \"query_anchor_sign\": -0.055066, \"query_candidate_content_mix\": 0.00913, \"query_candidate_orientation_mix\": 0.003167, \"query_desired_bucket\": -0.00514, \"query_desired_gap\": -0.022337, \"query_desired_side\": -0.002895, \"selected_target_slot\": 0.026636, \"target_gap\": 0.004245, \"target_token_overlap\": -0.084365}, \"dataset\": \"synthetic_positional_key_query_offset_selection_response\", \"feature_order\": [\"query_anchor_sign\", \"query_desired_gap\", \"query_desired_side\", \"query_desired_bucket\", \"selected_target_slot\", \"confusable_count\", \"candidate_gap_spread\", \"target_gap\", \"target_token_overlap\", \"mean_token_overlap\", \"mean_sector_magnitude_delta\", \"mean_ordered_content_delta\", \"mean_orientation_delta\", \"query_candidate_content_mix\", \"query_candidate_orientation_mix\", \"cross_mean_sector_content\", \"cross_mean_sector_orientation\", \"cross_mean_content_orientation\"], \"forbidden_inputs_absent\": true, \"forbidden_key_query_selection_feature_family_absent_pass\": true, \"intercept\": -0.003824, \"key_query_selection_bucket_counts\": {\"0000\": 4, \"0001\": 4, \"0010\": 4, \"0011\": 4, \"0020\": 4, \"0021\": 4, \"0030\": 4, \"0031\": 4, \"0100\": 4, \"0101\": 4, \"0110\": 4, \"0111\": 4, \"0120\": 4, \"0121\": 4, \"0130\": 4, \"0131\": 4, \"0200\": 4, \"0201\": 4, \"0210\": 4, \"0211\": 4, \"0220\": 4, \"0221\": 4, \"0230\": 4, \"0231\": 4, \"1000\": 4, \"1010\": 4, \"1020\": 4, \"1030\": 4, \"1100\": 4, \"1101\": 4, \"1110\": 4, \"1111\": 4, \"1120\": 4, \"1121\": 4, \"1130\": 4, \"1131\": 4, \"1200\": 4, \"1201\": 4, \"1210\": 4, \"1211\": 4, \"1220\": 4, \"1221\": 4, \"1230\": 4, \"1231\": 4}, \"latent_key_query_selection_group_counts\": {\"0000\": 4, \"0001\": 4, \"0010\": 4, \"0011\": 4, \"0020\": 4, \"0021\": 4, \"0030\": 4, \"0031\": 4, \"0100\": 4, \"0101\": 4, \"0110\": 4, \"0111\": 4, \"0120\": 4, \"0121\": 4, \"0130\": 4, \"0131\": 4, \"0200\": 4, \"0201\": 4, \"0210\": 4, \"0211\": 4, \"0220\": 4, \"0221\": 4, \"0230\": 4, \"0231\": 4, \"1000\": 4, \"1010\": 4, \"1020\": 4, \"1030\": 4, \"1100\": 4, \"1101\": 4, \"1110\": 4, \"1111\": 4, \"1120\": 4, \"1121\": 4, \"1130\": 4, \"1131\": 4, \"1200\": 4, \"1201\": 4, \"1210\": 4, \"1211\": 4, \"1220\": 4, \"1221\": 4, \"1230\": 4, \"1231\": 4}, \"mae\": 0.091645, \"rank_correlation\": -0.108386, \"target_selection_nontrivial_pass\": true, \"target_slot_values\": [0, 1, 2, 3], \"token_view_balance_pass\": true, \"within_key_query_selection_state_target_ranges\": {\"0000\": 0.036228, \"0001\": 0.043493, \"0010\": 0.0286, \"0011\": 0.018219, \"0020\": 0.037147, \"0021\": 0.086717, \"0030\": 0.036917, \"0031\": 0.005908, \"0100\": 0.351793, \"0101\": 0.070691, \"0110\": 0.367408, \"0111\": 0.406448, \"0120\": 0.388257, \"0121\": 0.383731, \"0130\": 0.406154, \"0131\": 0.066792, \"0200\": 0.009897, \"0201\": 0.201448, \"0210\": 0.247368, \"0211\": 0.288466, \"0220\": 0.028326, \"0221\": 0.365785, \"0230\": 0.059237, \"0231\": 0.474848, \"1000\": 0.125706, \"1010\": 0.008193, \"1020\": 0.117051, \"1030\": 0.096985, \"1100\": 0.134544, \"1101\": 0.049748, \"1110\": 0.261952, \"1111\": 0.182516, \"1120\": 0.284495, \"1121\": 0.182781, \"1130\": 0.259262, \"1131\": 0.204668, \"1200\": 0.097583, \"1201\": 0.294409, \"1210\": 0.164397, \"1211\": 0.286873, \"1220\": 0.4167, \"1221\": 0.382223, \"1230\": 0.339479, \"1231\": 0.29601}, \"within_key_query_selection_state_variation_pass\": true}",
  "seed": 777,
  "train_loss_final": 0.06312175296500898,
  "variant": "V_control_symbolic_positional_key_query_offset_selection_regressor"
}