{
  "accuracy": 0.0,
  "backend": "sim_quantum_statevector",
  "calibration_slope": -0.670234,
  "data_mode": "synthetic_positional_key_query_offset_selection_response+readout_symbolic_positional_key_query_offset_selection_regressor+head_linear",
  "dataset": "synthetic_positional_key_query_offset_selection_response",
  "dataset_diagnostics": "{\"bounded_candidate_count_pass\": true, \"candidate_set_nontrivial_pass\": true, \"coarse_key_query_selection_state_null_max_abs_mean\": 1e-06, \"coarse_key_query_selection_state_null_pass\": true, \"dataset\": \"synthetic_positional_key_query_offset_selection_response\", \"key_query_selection_bucket_counts\": {\"0000\": 4, \"0001\": 4, \"0010\": 4, \"0011\": 4, \"0020\": 4, \"0021\": 4, \"0030\": 4, \"0031\": 4, \"0200\": 4, \"0201\": 4, \"0210\": 4, \"0211\": 4, \"0220\": 4, \"0221\": 4, \"0230\": 4, \"0231\": 4, \"1101\": 4, \"1111\": 4, \"1121\": 4, \"1131\": 4, \"1200\": 4, \"1201\": 4, \"1210\": 4, \"1211\": 4, \"1220\": 4, \"1221\": 4, \"1230\": 4, \"1231\": 4}, \"latent_key_query_selection_group_counts\": {\"0000\": 4, \"0001\": 4, \"0010\": 4, \"0011\": 4, \"0020\": 4, \"0021\": 4, \"0030\": 4, \"0031\": 4, \"0200\": 4, \"0201\": 4, \"0210\": 4, \"0211\": 4, \"0220\": 4, \"0221\": 4, \"0230\": 4, \"0231\": 4, \"1101\": 4, \"1111\": 4, \"1121\": 4, \"1131\": 4, \"1200\": 4, \"1201\": 4, \"1210\": 4, \"1211\": 4, \"1220\": 4, \"1221\": 4, \"1230\": 4, \"1231\": 4}, \"target_selection_nontrivial_pass\": true, \"target_slot_values\": [0, 1, 2, 3], \"token_view_balance_pass\": true, \"within_key_query_selection_state_target_ranges\": {\"0000\": 0.082419, \"0001\": 0.082717, \"0010\": 0.041694, \"0011\": 0.0245, \"0020\": 0.330617, \"0021\": 0.351097, \"0030\": 0.36479, \"0031\": 0.315372, \"0200\": 0.401744, \"0201\": 0.09483, \"0210\": 0.293812, \"0211\": 0.227572, \"0220\": 0.226399, \"0221\": 0.368334, \"0230\": 0.059441, \"0231\": 0.312701, \"1101\": 0.102482, \"1111\": 0.04169, \"1121\": 0.067089, \"1131\": 0.049243, \"1200\": 0.023675, \"1201\": 0.290982, \"1210\": 0.301701, \"1211\": 0.443766, \"1220\": 0.06723, \"1221\": 0.326972, \"1230\": 0.350508, \"1231\": 0.105129}, \"within_key_query_selection_state_variation_pass\": true}",
  "eval_loss": 0.08827224371402946,
  "f1": 0.0,
  "family": "control",
  "mae": 0.088272,
  "pair_reindex": 1,
  "rank_correlation": -0.110016,
  "run_diagnostics": "{\"allowed_key_query_selection_symbolic_basis_frozen_pass\": true, \"bounded_candidate_count_pass\": true, \"calibration_slope\": -0.670234, \"candidate_set_nontrivial_pass\": true, \"coarse_key_query_selection_state_null_max_abs_mean\": 1e-06, \"coarse_key_query_selection_state_null_pass\": true, \"coefficients\": {\"candidate_gap_spread\": 0.012978, \"confusable_count\": -0.07736, \"cross_mean_content_orientation\": -0.006745, \"cross_mean_sector_content\": -0.012306, \"cross_mean_sector_orientation\": -0.008622, \"mean_ordered_content_delta\": -0.00721, \"mean_orientation_delta\": 0.031214, \"mean_sector_magnitude_delta\": -0.076811, \"mean_token_overlap\": 0.00062, \"query_anchor_sign\": 0.004206, \"query_candidate_content_mix\": -0.004781, \"query_candidate_orientation_mix\": -0.003344, \"query_desired_bucket\": -0.000869, \"query_desired_gap\": 0.020251, \"query_desired_side\": -0.015686, \"selected_target_slot\": 0.001001, \"target_gap\": 0.005976, \"target_token_overlap\": 0.038583}, \"dataset\": \"synthetic_positional_key_query_offset_selection_response\", \"feature_order\": [\"query_anchor_sign\", \"query_desired_gap\", \"query_desired_side\", \"query_desired_bucket\", \"selected_target_slot\", \"confusable_count\", \"candidate_gap_spread\", \"target_gap\", \"target_token_overlap\", \"mean_token_overlap\", \"mean_sector_magnitude_delta\", \"mean_ordered_content_delta\", \"mean_orientation_delta\", \"query_candidate_content_mix\", \"query_candidate_orientation_mix\", \"cross_mean_sector_content\", \"cross_mean_sector_orientation\", \"cross_mean_content_orientation\"], \"forbidden_inputs_absent\": true, \"forbidden_key_query_selection_feature_family_absent_pass\": true, \"intercept\": -0.009322, \"key_query_selection_bucket_counts\": {\"0000\": 4, \"0001\": 4, \"0010\": 4, \"0011\": 4, \"0020\": 4, \"0021\": 4, \"0030\": 4, \"0031\": 4, \"0200\": 4, \"0201\": 4, \"0210\": 4, \"0211\": 4, \"0220\": 4, \"0221\": 4, \"0230\": 4, \"0231\": 4, \"1101\": 4, \"1111\": 4, \"1121\": 4, \"1131\": 4, \"1200\": 4, \"1201\": 4, \"1210\": 4, \"1211\": 4, \"1220\": 4, \"1221\": 4, \"1230\": 4, \"1231\": 4}, \"latent_key_query_selection_group_counts\": {\"0000\": 4, \"0001\": 4, \"0010\": 4, \"0011\": 4, \"0020\": 4, \"0021\": 4, \"0030\": 4, \"0031\": 4, \"0200\": 4, \"0201\": 4, \"0210\": 4, \"0211\": 4, \"0220\": 4, \"0221\": 4, \"0230\": 4, \"0231\": 4, \"1101\": 4, \"1111\": 4, \"1121\": 4, \"1131\": 4, \"1200\": 4, \"1201\": 4, \"1210\": 4, \"1211\": 4, \"1220\": 4, \"1221\": 4, \"1230\": 4, \"1231\": 4}, \"mae\": 0.088272, \"rank_correlation\": -0.110016, \"target_selection_nontrivial_pass\": true, \"target_slot_values\": [0, 1, 2, 3], \"token_view_balance_pass\": true, \"within_key_query_selection_state_target_ranges\": {\"0000\": 0.082419, \"0001\": 0.082717, \"0010\": 0.041694, \"0011\": 0.0245, \"0020\": 0.330617, \"0021\": 0.351097, \"0030\": 0.36479, \"0031\": 0.315372, \"0200\": 0.401744, \"0201\": 0.09483, \"0210\": 0.293812, \"0211\": 0.227572, \"0220\": 0.226399, \"0221\": 0.368334, \"0230\": 0.059441, \"0231\": 0.312701, \"1101\": 0.102482, \"1111\": 0.04169, \"1121\": 0.067089, \"1131\": 0.049243, \"1200\": 0.023675, \"1201\": 0.290982, \"1210\": 0.301701, \"1211\": 0.443766, \"1220\": 0.06723, \"1221\": 0.326972, \"1230\": 0.350508, \"1231\": 0.105129}, \"within_key_query_selection_state_variation_pass\": true}",
  "seed": 123,
  "train_loss_final": 0.07242679475644197,
  "variant": "V_control_symbolic_positional_key_query_offset_selection_regressor"
}