{
  "accuracy": 0.0,
  "backend": "sim_quantum_statevector",
  "calibration_slope": 0.439604,
  "data_mode": "synthetic_positional_key_query_offset_selection_response+readout_relational_witness_positional_key_query_offset_selection+head_linear",
  "dataset": "synthetic_positional_key_query_offset_selection_response",
  "dataset_diagnostics": "{\"bounded_candidate_count_pass\": true, \"candidate_set_nontrivial_pass\": true, \"coarse_key_query_selection_state_null_max_abs_mean\": 0.0, \"coarse_key_query_selection_state_null_pass\": true, \"dataset\": \"synthetic_positional_key_query_offset_selection_response\", \"key_query_selection_bucket_counts\": {\"0000\": 4, \"0001\": 4, \"0010\": 4, \"0011\": 4, \"0020\": 4, \"0021\": 4, \"0030\": 4, \"0031\": 4, \"0100\": 4, \"0101\": 4, \"0110\": 4, \"0111\": 4, \"0120\": 4, \"0121\": 4, \"0130\": 4, \"0131\": 4, \"0200\": 4, \"0201\": 4, \"0210\": 4, \"0211\": 4, \"0220\": 4, \"0221\": 4, \"0230\": 4, \"0231\": 4, \"1200\": 4, \"1201\": 4, \"1210\": 4, \"1211\": 4, \"1220\": 4, \"1221\": 4, \"1230\": 4, \"1231\": 4}, \"latent_key_query_selection_group_counts\": {\"0000\": 4, \"0001\": 4, \"0010\": 4, \"0011\": 4, \"0020\": 4, \"0021\": 4, \"0030\": 4, \"0031\": 4, \"0100\": 4, \"0101\": 4, \"0110\": 4, \"0111\": 4, \"0120\": 4, \"0121\": 4, \"0130\": 4, \"0131\": 4, \"0200\": 4, \"0201\": 4, \"0210\": 4, \"0211\": 4, \"0220\": 4, \"0221\": 4, \"0230\": 4, \"0231\": 4, \"1200\": 4, \"1201\": 4, \"1210\": 4, \"1211\": 4, \"1220\": 4, \"1221\": 4, \"1230\": 4, \"1231\": 4}, \"target_selection_nontrivial_pass\": true, \"target_slot_values\": [0, 1, 2, 3], \"token_view_balance_pass\": true, \"within_key_query_selection_state_target_ranges\": {\"0000\": 0.095007, \"0001\": 0.050664, \"0010\": 0.030015, \"0011\": 0.081055, \"0020\": 0.046742, \"0021\": 0.121137, \"0030\": 0.016592, \"0031\": 0.090275, \"0100\": 0.043852, \"0101\": 0.105258, \"0110\": 0.315619, \"0111\": 0.055162, \"0120\": 0.345031, \"0121\": 0.317224, \"0130\": 0.348525, \"0131\": 0.319546, \"0200\": 0.051169, \"0201\": 0.045895, \"0210\": 0.342, \"0211\": 0.023369, \"0220\": 0.300175, \"0221\": 0.361953, \"0230\": 0.340084, \"0231\": 0.200671, \"1200\": 0.031037, \"1201\": 0.023369, \"1210\": 0.338063, \"1211\": 0.071494, \"1220\": 0.373369, \"1221\": 0.19817, \"1230\": 0.34255, \"1231\": 0.312341}, \"within_key_query_selection_state_variation_pass\": true}",
  "eval_loss": 0.05664601191973446,
  "f1": 0.0,
  "family": "witness",
  "mae": 0.056646,
  "rank_correlation": 0.176336,
  "run_diagnostics": "{\"bounded_candidate_count_pass\": true, \"bounded_feature_audit_pass\": true, \"calibration_slope\": 0.439604, \"candidate_set_nontrivial_pass\": true, \"coarse_key_query_selection_state_null_max_abs_mean\": 0.0, \"coarse_key_query_selection_state_null_pass\": true, \"coefficients\": {\"candidate_gap_spread\": -0.021478, \"confusable_count\": -0.021548, \"key_query_selection_cross_curvature\": 0.011192, \"key_query_selection_declared_mix\": -0.010408, \"mean_distractor_curvature\": 0.028307, \"mean_distractor_gap\": 0.041938, \"mean_distractor_phase\": 0.052054, \"query_anchor_sign\": -0.010447, \"query_curvature\": 0.017324, \"query_desired_gap\": -0.035746, \"query_phase\": 0.003295, \"selected_target_slot\": -0.022785, \"target_curvature\": -0.016356, \"target_gap\": 0.021255, \"target_gap_margin\": -0.020683, \"target_phase\": 0.087772, \"target_phase_margin\": 0.035718, \"token_match_total\": 0.033778}, \"dataset\": \"synthetic_positional_key_query_offset_selection_response\", \"feature_order\": [\"query_phase\", \"query_curvature\", \"query_desired_gap\", \"query_anchor_sign\", \"target_phase\", \"target_curvature\", \"target_gap\", \"mean_distractor_phase\", \"mean_distractor_curvature\", \"mean_distractor_gap\", \"selected_target_slot\", \"confusable_count\", \"candidate_gap_spread\", \"target_phase_margin\", \"target_gap_margin\", \"token_match_total\", \"key_query_selection_declared_mix\", \"key_query_selection_cross_curvature\"], \"forbidden_inputs_absent\": true, \"forbidden_key_query_selection_feature_family_absent_pass\": true, \"intercept\": 0.003405, \"key_query_selection_bucket_counts\": {\"0000\": 4, \"0001\": 4, \"0010\": 4, \"0011\": 4, \"0020\": 4, \"0021\": 4, \"0030\": 4, \"0031\": 4, \"0100\": 4, \"0101\": 4, \"0110\": 4, \"0111\": 4, \"0120\": 4, \"0121\": 4, \"0130\": 4, \"0131\": 4, \"0200\": 4, \"0201\": 4, \"0210\": 4, \"0211\": 4, \"0220\": 4, \"0221\": 4, \"0230\": 4, \"0231\": 4, \"1200\": 4, \"1201\": 4, \"1210\": 4, \"1211\": 4, \"1220\": 4, \"1221\": 4, \"1230\": 4, \"1231\": 4}, \"latent_key_query_selection_group_counts\": {\"0000\": 4, \"0001\": 4, \"0010\": 4, \"0011\": 4, \"0020\": 4, \"0021\": 4, \"0030\": 4, \"0031\": 4, \"0100\": 4, \"0101\": 4, \"0110\": 4, \"0111\": 4, \"0120\": 4, \"0121\": 4, \"0130\": 4, \"0131\": 4, \"0200\": 4, \"0201\": 4, \"0210\": 4, \"0211\": 4, \"0220\": 4, \"0221\": 4, \"0230\": 4, \"0231\": 4, \"1200\": 4, \"1201\": 4, \"1210\": 4, \"1211\": 4, \"1220\": 4, \"1221\": 4, \"1230\": 4, \"1231\": 4}, \"mae\": 0.056646, \"rank_correlation\": 0.176336, \"target_selection_nontrivial_pass\": true, \"target_slot_values\": [0, 1, 2, 3], \"token_view_balance_pass\": true, \"within_key_query_selection_state_target_ranges\": {\"0000\": 0.095007, \"0001\": 0.050664, \"0010\": 0.030015, \"0011\": 0.081055, \"0020\": 0.046742, \"0021\": 0.121137, \"0030\": 0.016592, \"0031\": 0.090275, \"0100\": 0.043852, \"0101\": 0.105258, \"0110\": 0.315619, \"0111\": 0.055162, \"0120\": 0.345031, \"0121\": 0.317224, \"0130\": 0.348525, \"0131\": 0.319546, \"0200\": 0.051169, \"0201\": 0.045895, \"0210\": 0.342, \"0211\": 0.023369, \"0220\": 0.300175, \"0221\": 0.361953, \"0230\": 0.340084, \"0231\": 0.200671, \"1200\": 0.031037, \"1201\": 0.023369, \"1210\": 0.338063, \"1211\": 0.071494, \"1220\": 0.373369, \"1221\": 0.19817, \"1230\": 0.34255, \"1231\": 0.312341}, \"within_key_query_selection_state_variation_pass\": true}",
  "seed": 123,
  "train_loss_final": 0.04351283822750069,
  "variant": "V_future_relational_witness_positional_key_query_offset_selection"
}