{
  "accuracy": 0.0,
  "backend": "sim_quantum_statevector",
  "calibration_slope": 0.831265,
  "data_mode": "synthetic_positional_key_query_offset_selection_response+readout_relational_witness_positional_key_query_offset_selection+head_linear",
  "dataset": "synthetic_positional_key_query_offset_selection_response",
  "dataset_diagnostics": "{\"bounded_candidate_count_pass\": true, \"candidate_set_nontrivial_pass\": true, \"coarse_key_query_selection_state_null_max_abs_mean\": 0.0, \"coarse_key_query_selection_state_null_pass\": true, \"dataset\": \"synthetic_positional_key_query_offset_selection_response\", \"key_query_selection_bucket_counts\": {\"0100\": 4, \"0101\": 4, \"0110\": 4, \"0111\": 4, \"0120\": 4, \"0121\": 4, \"0130\": 4, \"0131\": 4, \"0200\": 4, \"0201\": 4, \"0210\": 4, \"0211\": 4, \"0220\": 4, \"0221\": 4, \"0230\": 4, \"0231\": 4, \"1000\": 4, \"1001\": 4, \"1010\": 4, \"1011\": 4, \"1020\": 4, \"1021\": 4, \"1030\": 4, \"1031\": 4, \"1101\": 4, \"1110\": 4, \"1111\": 4, \"1120\": 4, \"1121\": 4, \"1130\": 4, \"1131\": 4, \"1200\": 4, \"1201\": 4, \"1210\": 4, \"1211\": 4, \"1220\": 4, \"1221\": 4, \"1230\": 4, \"1231\": 4}, \"latent_key_query_selection_group_counts\": {\"0100\": 4, \"0101\": 4, \"0110\": 4, \"0111\": 4, \"0120\": 4, \"0121\": 4, \"0130\": 4, \"0131\": 4, \"0200\": 4, \"0201\": 4, \"0210\": 4, \"0211\": 4, \"0220\": 4, \"0221\": 4, \"0230\": 4, \"0231\": 4, \"1000\": 4, \"1001\": 4, \"1010\": 4, \"1011\": 4, \"1020\": 4, \"1021\": 4, \"1030\": 4, \"1031\": 4, \"1101\": 4, \"1110\": 4, \"1111\": 4, \"1120\": 4, \"1121\": 4, \"1130\": 4, \"1131\": 4, \"1200\": 4, \"1201\": 4, \"1210\": 4, \"1211\": 4, \"1220\": 4, \"1221\": 4, \"1230\": 4, \"1231\": 4}, \"target_selection_nontrivial_pass\": true, \"target_slot_values\": [0, 1, 2, 3], \"token_view_balance_pass\": true, \"within_key_query_selection_state_target_ranges\": {\"0100\": 0.048363, \"0101\": 0.069986, \"0110\": 0.07944, \"0111\": 0.133326, \"0120\": 0.043581, \"0121\": 0.12849, \"0130\": 0.03484, \"0131\": 0.123498, \"0200\": 0.104529, \"0201\": 0.070639, \"0210\": 0.072193, \"0211\": 0.203587, \"0220\": 0.296585, \"0221\": 0.161238, \"0230\": 0.296751, \"0231\": 0.34301, \"1000\": 0.06524, \"1001\": 0.061142, \"1010\": 0.055185, \"1011\": 0.025934, \"1020\": 0.096018, \"1021\": 0.04319, \"1030\": 0.104262, \"1031\": 0.038723, \"1101\": 0.041443, \"1110\": 0.023029, \"1111\": 0.068719, \"1120\": 0.135948, \"1121\": 0.041838, \"1130\": 0.088484, \"1131\": 0.06039, \"1200\": 0.205676, \"1201\": 0.266203, \"1210\": 0.245824, \"1211\": 0.177989, \"1220\": 0.29115, \"1221\": 0.235363, \"1230\": 0.210245, \"1231\": 0.223121}, \"within_key_query_selection_state_variation_pass\": true}",
  "eval_loss": 0.042811097950481034,
  "f1": 0.0,
  "family": "witness",
  "mae": 0.042811,
  "rank_correlation": 0.418826,
  "run_diagnostics": "{\"bounded_candidate_count_pass\": true, \"bounded_feature_audit_pass\": true, \"calibration_slope\": 0.831265, \"candidate_set_nontrivial_pass\": true, \"coarse_key_query_selection_state_null_max_abs_mean\": 0.0, \"coarse_key_query_selection_state_null_pass\": true, \"coefficients\": {\"candidate_gap_spread\": 0.048697, \"confusable_count\": 0.033769, \"key_query_selection_cross_curvature\": -0.004679, \"key_query_selection_declared_mix\": 0.024941, \"mean_distractor_curvature\": -0.042396, \"mean_distractor_gap\": 0.002906, \"mean_distractor_phase\": -0.021946, \"query_anchor_sign\": 0.011131, \"query_curvature\": -0.019061, \"query_desired_gap\": 0.036355, \"query_phase\": -0.009964, \"selected_target_slot\": 0.032159, \"target_curvature\": 0.003166, \"target_gap\": -0.027829, \"target_gap_margin\": -0.030736, \"target_phase\": 0.00104, \"target_phase_margin\": 0.022986, \"token_match_total\": 0.001748}, \"dataset\": \"synthetic_positional_key_query_offset_selection_response\", \"feature_order\": [\"query_phase\", \"query_curvature\", \"query_desired_gap\", \"query_anchor_sign\", \"target_phase\", \"target_curvature\", \"target_gap\", \"mean_distractor_phase\", \"mean_distractor_curvature\", \"mean_distractor_gap\", \"selected_target_slot\", \"confusable_count\", \"candidate_gap_spread\", \"target_phase_margin\", \"target_gap_margin\", \"token_match_total\", \"key_query_selection_declared_mix\", \"key_query_selection_cross_curvature\"], \"forbidden_inputs_absent\": true, \"forbidden_key_query_selection_feature_family_absent_pass\": true, \"intercept\": -0.026812, \"key_query_selection_bucket_counts\": {\"0100\": 4, \"0101\": 4, \"0110\": 4, \"0111\": 4, \"0120\": 4, \"0121\": 4, \"0130\": 4, \"0131\": 4, \"0200\": 4, \"0201\": 4, \"0210\": 4, \"0211\": 4, \"0220\": 4, \"0221\": 4, \"0230\": 4, \"0231\": 4, \"1000\": 4, \"1001\": 4, \"1010\": 4, \"1011\": 4, \"1020\": 4, \"1021\": 4, \"1030\": 4, \"1031\": 4, \"1101\": 4, \"1110\": 4, \"1111\": 4, \"1120\": 4, \"1121\": 4, \"1130\": 4, \"1131\": 4, \"1200\": 4, \"1201\": 4, \"1210\": 4, \"1211\": 4, \"1220\": 4, \"1221\": 4, \"1230\": 4, \"1231\": 4}, \"latent_key_query_selection_group_counts\": {\"0100\": 4, \"0101\": 4, \"0110\": 4, \"0111\": 4, \"0120\": 4, \"0121\": 4, \"0130\": 4, \"0131\": 4, \"0200\": 4, \"0201\": 4, \"0210\": 4, \"0211\": 4, \"0220\": 4, \"0221\": 4, \"0230\": 4, \"0231\": 4, \"1000\": 4, \"1001\": 4, \"1010\": 4, \"1011\": 4, \"1020\": 4, \"1021\": 4, \"1030\": 4, \"1031\": 4, \"1101\": 4, \"1110\": 4, \"1111\": 4, \"1120\": 4, \"1121\": 4, \"1130\": 4, \"1131\": 4, \"1200\": 4, \"1201\": 4, \"1210\": 4, \"1211\": 4, \"1220\": 4, \"1221\": 4, \"1230\": 4, \"1231\": 4}, \"mae\": 0.042811, \"rank_correlation\": 0.418826, \"target_selection_nontrivial_pass\": true, \"target_slot_values\": [0, 1, 2, 3], \"token_view_balance_pass\": true, \"within_key_query_selection_state_target_ranges\": {\"0100\": 0.048363, \"0101\": 0.069986, \"0110\": 0.07944, \"0111\": 0.133326, \"0120\": 0.043581, \"0121\": 0.12849, \"0130\": 0.03484, \"0131\": 0.123498, \"0200\": 0.104529, \"0201\": 0.070639, \"0210\": 0.072193, \"0211\": 0.203587, \"0220\": 0.296585, \"0221\": 0.161238, \"0230\": 0.296751, \"0231\": 0.34301, \"1000\": 0.06524, \"1001\": 0.061142, \"1010\": 0.055185, \"1011\": 0.025934, \"1020\": 0.096018, \"1021\": 0.04319, \"1030\": 0.104262, \"1031\": 0.038723, \"1101\": 0.041443, \"1110\": 0.023029, \"1111\": 0.068719, \"1120\": 0.135948, \"1121\": 0.041838, \"1130\": 0.088484, \"1131\": 0.06039, \"1200\": 0.205676, \"1201\": 0.266203, \"1210\": 0.245824, \"1211\": 0.177989, \"1220\": 0.29115, \"1221\": 0.235363, \"1230\": 0.210245, \"1231\": 0.223121}, \"within_key_query_selection_state_variation_pass\": true}",
  "seed": 123,
  "token_permutation": "cdab",
  "train_loss_final": 0.035980556159909735,
  "variant": "V_future_relational_witness_positional_key_query_offset_selection"
}