microseconds_per_shot,estimated_quantum_seconds,estimated_usd,within_budget_cap
5.0,3.2968,5.2748800000000005,True
10.0,6.5936,10.549760000000001,True
11.9,7.846384,12.5542144,True
25.0,16.484,26.374400000000005,True
50.0,32.968,52.74880000000001,True
100.0,65.936,105.49760000000002,False
