{
  "accuracy": 0.0,
  "backend": "sim_quantum_statevector",
  "calibration_slope": 0.654141,
  "data_mode": "synthetic_positional_key_query_offset_selection_response+readout_relational_witness_positional_key_query_offset_selection+head_linear",
  "dataset": "synthetic_positional_key_query_offset_selection_response",
  "dataset_diagnostics": "{\"bounded_candidate_count_pass\": true, \"candidate_set_nontrivial_pass\": true, \"coarse_key_query_selection_state_null_max_abs_mean\": 0.0, \"coarse_key_query_selection_state_null_pass\": true, \"dataset\": \"synthetic_positional_key_query_offset_selection_response\", \"key_query_selection_bucket_counts\": {\"0000\": 4, \"0010\": 4, \"0020\": 4, \"0030\": 4, \"0100\": 4, \"0101\": 4, \"0110\": 4, \"0111\": 4, \"0120\": 4, \"0121\": 4, \"0130\": 4, \"0131\": 4, \"0200\": 4, \"0201\": 4, \"0210\": 4, \"0211\": 4, \"0220\": 4, \"0221\": 4, \"0230\": 4, \"0231\": 4, \"1100\": 4, \"1101\": 4, \"1110\": 4, \"1111\": 4, \"1120\": 4, \"1121\": 4, \"1130\": 4, \"1131\": 4, \"1200\": 4, \"1201\": 4, \"1210\": 4, \"1211\": 4, \"1220\": 4, \"1221\": 4, \"1230\": 4, \"1231\": 4}, \"latent_key_query_selection_group_counts\": {\"0000\": 4, \"0010\": 4, \"0020\": 4, \"0030\": 4, \"0100\": 4, \"0101\": 4, \"0110\": 4, \"0111\": 4, \"0120\": 4, \"0121\": 4, \"0130\": 4, \"0131\": 4, \"0200\": 4, \"0201\": 4, \"0210\": 4, \"0211\": 4, \"0220\": 4, \"0221\": 4, \"0230\": 4, \"0231\": 4, \"1100\": 4, \"1101\": 4, \"1110\": 4, \"1111\": 4, \"1120\": 4, \"1121\": 4, \"1130\": 4, \"1131\": 4, \"1200\": 4, \"1201\": 4, \"1210\": 4, \"1211\": 4, \"1220\": 4, \"1221\": 4, \"1230\": 4, \"1231\": 4}, \"target_selection_nontrivial_pass\": true, \"target_slot_values\": [0, 1, 2, 3], \"token_view_balance_pass\": true, \"within_key_query_selection_state_target_ranges\": {\"0000\": 0.025085, \"0010\": 0.057049, \"0020\": 0.067695, \"0030\": 0.0519, \"0100\": 0.007737, \"0101\": 0.100025, \"0110\": 0.376223, \"0111\": 0.013184, \"0120\": 0.390306, \"0121\": 0.336233, \"0130\": 0.375362, \"0131\": 0.390458, \"0200\": 0.103899, \"0201\": 0.0921, \"0210\": 0.062134, \"0211\": 0.106572, \"0220\": 0.151296, \"0221\": 0.280325, \"0230\": 0.311733, \"0231\": 0.092671, \"1100\": 0.265413, \"1101\": 0.110384, \"1110\": 0.282594, \"1111\": 0.124671, \"1120\": 0.279443, \"1121\": 0.268438, \"1130\": 0.236765, \"1131\": 0.216398, \"1200\": 0.327907, \"1201\": 0.156122, \"1210\": 0.522759, \"1211\": 0.09516, \"1220\": 0.36313, \"1221\": 0.056891, \"1230\": 0.45169, \"1231\": 0.405364}, \"within_key_query_selection_state_variation_pass\": true}",
  "eval_loss": 0.06537336771274184,
  "f1": 0.0,
  "family": "witness",
  "mae": 0.065373,
  "rank_correlation": 0.605405,
  "run_diagnostics": "{\"bounded_candidate_count_pass\": true, \"bounded_feature_audit_pass\": true, \"calibration_slope\": 0.654141, \"candidate_set_nontrivial_pass\": true, \"coarse_key_query_selection_state_null_max_abs_mean\": 0.0, \"coarse_key_query_selection_state_null_pass\": true, \"coefficients\": {\"candidate_gap_spread\": 0.020525, \"confusable_count\": 0.027919, \"key_query_selection_cross_curvature\": 0.012583, \"key_query_selection_declared_mix\": 0.025131, \"mean_distractor_curvature\": 0.012759, \"mean_distractor_gap\": -0.020016, \"mean_distractor_phase\": 0.041024, \"query_anchor_sign\": 0.001572, \"query_curvature\": 0.004788, \"query_desired_gap\": -0.006717, \"query_phase\": -0.028257, \"selected_target_slot\": -0.063351, \"target_curvature\": 0.048544, \"target_gap\": -0.032861, \"target_gap_margin\": -0.012845, \"target_phase\": 0.08807, \"target_phase_margin\": 0.047046, \"token_match_total\": 0.033605}, \"dataset\": \"synthetic_positional_key_query_offset_selection_response\", \"feature_order\": [\"query_phase\", \"query_curvature\", \"query_desired_gap\", \"query_anchor_sign\", \"target_phase\", \"target_curvature\", \"target_gap\", \"mean_distractor_phase\", \"mean_distractor_curvature\", \"mean_distractor_gap\", \"selected_target_slot\", \"confusable_count\", \"candidate_gap_spread\", \"target_phase_margin\", \"target_gap_margin\", \"token_match_total\", \"key_query_selection_declared_mix\", \"key_query_selection_cross_curvature\"], \"forbidden_inputs_absent\": true, \"forbidden_key_query_selection_feature_family_absent_pass\": true, \"intercept\": -0.004787, \"key_query_selection_bucket_counts\": {\"0000\": 4, \"0010\": 4, \"0020\": 4, \"0030\": 4, \"0100\": 4, \"0101\": 4, \"0110\": 4, \"0111\": 4, \"0120\": 4, \"0121\": 4, \"0130\": 4, \"0131\": 4, \"0200\": 4, \"0201\": 4, \"0210\": 4, \"0211\": 4, \"0220\": 4, \"0221\": 4, \"0230\": 4, \"0231\": 4, \"1100\": 4, \"1101\": 4, \"1110\": 4, \"1111\": 4, \"1120\": 4, \"1121\": 4, \"1130\": 4, \"1131\": 4, \"1200\": 4, \"1201\": 4, \"1210\": 4, \"1211\": 4, \"1220\": 4, \"1221\": 4, \"1230\": 4, \"1231\": 4}, \"latent_key_query_selection_group_counts\": {\"0000\": 4, \"0010\": 4, \"0020\": 4, \"0030\": 4, \"0100\": 4, \"0101\": 4, \"0110\": 4, \"0111\": 4, \"0120\": 4, \"0121\": 4, \"0130\": 4, \"0131\": 4, \"0200\": 4, \"0201\": 4, \"0210\": 4, \"0211\": 4, \"0220\": 4, \"0221\": 4, \"0230\": 4, \"0231\": 4, \"1100\": 4, \"1101\": 4, \"1110\": 4, \"1111\": 4, \"1120\": 4, \"1121\": 4, \"1130\": 4, \"1131\": 4, \"1200\": 4, \"1201\": 4, \"1210\": 4, \"1211\": 4, \"1220\": 4, \"1221\": 4, \"1230\": 4, \"1231\": 4}, \"mae\": 0.065373, \"rank_correlation\": 0.605405, \"target_selection_nontrivial_pass\": true, \"target_slot_values\": [0, 1, 2, 3], \"token_view_balance_pass\": true, \"within_key_query_selection_state_target_ranges\": {\"0000\": 0.025085, \"0010\": 0.057049, \"0020\": 0.067695, \"0030\": 0.0519, \"0100\": 0.007737, \"0101\": 0.100025, \"0110\": 0.376223, \"0111\": 0.013184, \"0120\": 0.390306, \"0121\": 0.336233, \"0130\": 0.375362, \"0131\": 0.390458, \"0200\": 0.103899, \"0201\": 0.0921, \"0210\": 0.062134, \"0211\": 0.106572, \"0220\": 0.151296, \"0221\": 0.280325, \"0230\": 0.311733, \"0231\": 0.092671, \"1100\": 0.265413, \"1101\": 0.110384, \"1110\": 0.282594, \"1111\": 0.124671, \"1120\": 0.279443, \"1121\": 0.268438, \"1130\": 0.236765, \"1131\": 0.216398, \"1200\": 0.327907, \"1201\": 0.156122, \"1210\": 0.522759, \"1211\": 0.09516, \"1220\": 0.36313, \"1221\": 0.056891, \"1230\": 0.45169, \"1231\": 0.405364}, \"within_key_query_selection_state_variation_pass\": true}",
  "seed": 42,
  "train_loss_final": 0.039802206383584386,
  "variant": "V_future_relational_witness_positional_key_query_offset_selection"
}