{
  "accuracy": 0.0,
  "backend": "sim_quantum_statevector",
  "calibration_slope": 1.024014,
  "data_mode": "synthetic_positional_key_query_offset_selection_response+readout_relational_witness_positional_key_query_offset_selection+head_linear",
  "dataset": "synthetic_positional_key_query_offset_selection_response",
  "dataset_diagnostics": "{\"bounded_candidate_count_pass\": true, \"candidate_set_nontrivial_pass\": true, \"coarse_key_query_selection_state_null_max_abs_mean\": 1e-06, \"coarse_key_query_selection_state_null_pass\": true, \"dataset\": \"synthetic_positional_key_query_offset_selection_response\", \"key_query_selection_bucket_counts\": {\"0000\": 4, \"0001\": 4, \"0010\": 4, \"0011\": 4, \"0020\": 4, \"0021\": 4, \"0030\": 4, \"0031\": 4, \"0101\": 4, \"0111\": 4, \"0121\": 4, \"0131\": 4, \"0200\": 4, \"0201\": 4, \"0210\": 4, \"0211\": 4, \"0220\": 4, \"0221\": 4, \"0230\": 4, \"0231\": 4, \"1000\": 4, \"1001\": 4, \"1010\": 4, \"1011\": 4, \"1020\": 4, \"1021\": 4, \"1030\": 4, \"1031\": 4, \"1100\": 4, \"1101\": 4, \"1110\": 4, \"1111\": 4, \"1120\": 4, \"1121\": 4, \"1130\": 4, \"1131\": 4, \"1200\": 4, \"1201\": 4, \"1210\": 4, \"1211\": 4, \"1220\": 4, \"1221\": 4, \"1230\": 4, \"1231\": 4}, \"latent_key_query_selection_group_counts\": {\"0000\": 4, \"0001\": 4, \"0010\": 4, \"0011\": 4, \"0020\": 4, \"0021\": 4, \"0030\": 4, \"0031\": 4, \"0101\": 4, \"0111\": 4, \"0121\": 4, \"0131\": 4, \"0200\": 4, \"0201\": 4, \"0210\": 4, \"0211\": 4, \"0220\": 4, \"0221\": 4, \"0230\": 4, \"0231\": 4, \"1000\": 4, \"1001\": 4, \"1010\": 4, \"1011\": 4, \"1020\": 4, \"1021\": 4, \"1030\": 4, \"1031\": 4, \"1100\": 4, \"1101\": 4, \"1110\": 4, \"1111\": 4, \"1120\": 4, \"1121\": 4, \"1130\": 4, \"1131\": 4, \"1200\": 4, \"1201\": 4, \"1210\": 4, \"1211\": 4, \"1220\": 4, \"1221\": 4, \"1230\": 4, \"1231\": 4}, \"target_selection_nontrivial_pass\": true, \"target_slot_values\": [0, 1, 2, 3], \"token_view_balance_pass\": true, \"within_key_query_selection_state_target_ranges\": {\"0000\": 0.046206, \"0001\": 0.048757, \"0010\": 0.076385, \"0011\": 0.060075, \"0020\": 0.076984, \"0021\": 0.043734, \"0030\": 0.050911, \"0031\": 0.023713, \"0101\": 0.082861, \"0111\": 0.096446, \"0121\": 0.221773, \"0131\": 0.23594, \"0200\": 0.323372, \"0201\": 0.194026, \"0210\": 0.138325, \"0211\": 0.27402, \"0220\": 0.229802, \"0221\": 0.373208, \"0230\": 0.404382, \"0231\": 0.226817, \"1000\": 0.073946, \"1001\": 0.079704, \"1010\": 0.09271, \"1011\": 0.054797, \"1020\": 0.078938, \"1021\": 0.075422, \"1030\": 0.089225, \"1031\": 0.050489, \"1100\": 0.051969, \"1101\": 0.082107, \"1110\": 0.140173, \"1111\": 0.091371, \"1120\": 0.085865, \"1121\": 0.123122, \"1130\": 0.074745, \"1131\": 0.079431, \"1200\": 0.155727, \"1201\": 0.157456, \"1210\": 0.121336, \"1211\": 0.130473, \"1220\": 0.276622, \"1221\": 0.289441, \"1230\": 0.081374, \"1231\": 0.235868}, \"within_key_query_selection_state_variation_pass\": true}",
  "eval_loss": 0.04086999866976244,
  "f1": 0.0,
  "family": "witness",
  "mae": 0.04087,
  "rank_correlation": 0.570261,
  "run_diagnostics": "{\"bounded_candidate_count_pass\": true, \"bounded_feature_audit_pass\": true, \"calibration_slope\": 1.024014, \"candidate_set_nontrivial_pass\": true, \"coarse_key_query_selection_state_null_max_abs_mean\": 1e-06, \"coarse_key_query_selection_state_null_pass\": true, \"coefficients\": {\"candidate_gap_spread\": -0.011557, \"confusable_count\": -0.004681, \"key_query_selection_cross_curvature\": 0.053146, \"key_query_selection_declared_mix\": 0.016645, \"mean_distractor_curvature\": 0.01546, \"mean_distractor_gap\": 0.030917, \"mean_distractor_phase\": 0.015437, \"query_anchor_sign\": 0.005272, \"query_curvature\": 0.043398, \"query_desired_gap\": -0.026672, \"query_phase\": -0.023693, \"selected_target_slot\": -0.003951, \"target_curvature\": -0.000361, \"target_gap\": -0.002303, \"target_gap_margin\": -0.03322, \"target_phase\": 0.022672, \"target_phase_margin\": 0.007235, \"token_match_total\": 0.011177}, \"dataset\": \"synthetic_positional_key_query_offset_selection_response\", \"feature_order\": [\"query_phase\", \"query_curvature\", \"query_desired_gap\", \"query_anchor_sign\", \"target_phase\", \"target_curvature\", \"target_gap\", \"mean_distractor_phase\", \"mean_distractor_curvature\", \"mean_distractor_gap\", \"selected_target_slot\", \"confusable_count\", \"candidate_gap_spread\", \"target_phase_margin\", \"target_gap_margin\", \"token_match_total\", \"key_query_selection_declared_mix\", \"key_query_selection_cross_curvature\"], \"forbidden_inputs_absent\": true, \"forbidden_key_query_selection_feature_family_absent_pass\": true, \"intercept\": 0.014011, \"key_query_selection_bucket_counts\": {\"0000\": 4, \"0001\": 4, \"0010\": 4, \"0011\": 4, \"0020\": 4, \"0021\": 4, \"0030\": 4, \"0031\": 4, \"0101\": 4, \"0111\": 4, \"0121\": 4, \"0131\": 4, \"0200\": 4, \"0201\": 4, \"0210\": 4, \"0211\": 4, \"0220\": 4, \"0221\": 4, \"0230\": 4, \"0231\": 4, \"1000\": 4, \"1001\": 4, \"1010\": 4, \"1011\": 4, \"1020\": 4, \"1021\": 4, \"1030\": 4, \"1031\": 4, \"1100\": 4, \"1101\": 4, \"1110\": 4, \"1111\": 4, \"1120\": 4, \"1121\": 4, \"1130\": 4, \"1131\": 4, \"1200\": 4, \"1201\": 4, \"1210\": 4, \"1211\": 4, \"1220\": 4, \"1221\": 4, \"1230\": 4, \"1231\": 4}, \"latent_key_query_selection_group_counts\": {\"0000\": 4, \"0001\": 4, \"0010\": 4, \"0011\": 4, \"0020\": 4, \"0021\": 4, \"0030\": 4, \"0031\": 4, \"0101\": 4, \"0111\": 4, \"0121\": 4, \"0131\": 4, \"0200\": 4, \"0201\": 4, \"0210\": 4, \"0211\": 4, \"0220\": 4, \"0221\": 4, \"0230\": 4, \"0231\": 4, \"1000\": 4, \"1001\": 4, \"1010\": 4, \"1011\": 4, \"1020\": 4, \"1021\": 4, \"1030\": 4, \"1031\": 4, \"1100\": 4, \"1101\": 4, \"1110\": 4, \"1111\": 4, \"1120\": 4, \"1121\": 4, \"1130\": 4, \"1131\": 4, \"1200\": 4, \"1201\": 4, \"1210\": 4, \"1211\": 4, \"1220\": 4, \"1221\": 4, \"1230\": 4, \"1231\": 4}, \"mae\": 0.04087, \"rank_correlation\": 0.570261, \"target_selection_nontrivial_pass\": true, \"target_slot_values\": [0, 1, 2, 3], \"token_view_balance_pass\": true, \"within_key_query_selection_state_target_ranges\": {\"0000\": 0.046206, \"0001\": 0.048757, \"0010\": 0.076385, \"0011\": 0.060075, \"0020\": 0.076984, \"0021\": 0.043734, \"0030\": 0.050911, \"0031\": 0.023713, \"0101\": 0.082861, \"0111\": 0.096446, \"0121\": 0.221773, \"0131\": 0.23594, \"0200\": 0.323372, \"0201\": 0.194026, \"0210\": 0.138325, \"0211\": 0.27402, \"0220\": 0.229802, \"0221\": 0.373208, \"0230\": 0.404382, \"0231\": 0.226817, \"1000\": 0.073946, \"1001\": 0.079704, \"1010\": 0.09271, \"1011\": 0.054797, \"1020\": 0.078938, \"1021\": 0.075422, \"1030\": 0.089225, \"1031\": 0.050489, \"1100\": 0.051969, \"1101\": 0.082107, \"1110\": 0.140173, \"1111\": 0.091371, \"1120\": 0.085865, \"1121\": 0.123122, \"1130\": 0.074745, \"1131\": 0.079431, \"1200\": 0.155727, \"1201\": 0.157456, \"1210\": 0.121336, \"1211\": 0.130473, \"1220\": 0.276622, \"1221\": 0.289441, \"1230\": 0.081374, \"1231\": 0.235868}, \"within_key_query_selection_state_variation_pass\": true}",
  "seed": 777,
  "token_permutation": "cdab",
  "train_loss_final": 0.03219809258368878,
  "variant": "V_future_relational_witness_positional_key_query_offset_selection"
}