{
  "accuracy": 0.0,
  "backend": "sim_quantum_statevector",
  "calibration_slope": -0.973459,
  "data_mode": "synthetic_positional_key_query_offset_selection_response+readout_symbolic_positional_key_query_offset_selection_regressor+head_linear",
  "dataset": "synthetic_positional_key_query_offset_selection_response",
  "dataset_diagnostics": "{\"bounded_candidate_count_pass\": true, \"candidate_set_nontrivial_pass\": true, \"coarse_key_query_selection_state_null_max_abs_mean\": 0.0, \"coarse_key_query_selection_state_null_pass\": true, \"dataset\": \"synthetic_positional_key_query_offset_selection_response\", \"key_query_selection_bucket_counts\": {\"0000\": 4, \"0001\": 4, \"0010\": 4, \"0011\": 4, \"0020\": 4, \"0021\": 4, \"0030\": 4, \"0031\": 4, \"0100\": 4, \"0101\": 4, \"0110\": 4, \"0111\": 4, \"0120\": 4, \"0121\": 4, \"0130\": 4, \"0131\": 4, \"0200\": 4, \"0201\": 4, \"0210\": 4, \"0211\": 4, \"0220\": 4, \"0221\": 4, \"0230\": 4, \"0231\": 4, \"1200\": 4, \"1201\": 4, \"1210\": 4, \"1211\": 4, \"1220\": 4, \"1221\": 4, \"1230\": 4, \"1231\": 4}, \"latent_key_query_selection_group_counts\": {\"0000\": 4, \"0001\": 4, \"0010\": 4, \"0011\": 4, \"0020\": 4, \"0021\": 4, \"0030\": 4, \"0031\": 4, \"0100\": 4, \"0101\": 4, \"0110\": 4, \"0111\": 4, \"0120\": 4, \"0121\": 4, \"0130\": 4, \"0131\": 4, \"0200\": 4, \"0201\": 4, \"0210\": 4, \"0211\": 4, \"0220\": 4, \"0221\": 4, \"0230\": 4, \"0231\": 4, \"1200\": 4, \"1201\": 4, \"1210\": 4, \"1211\": 4, \"1220\": 4, \"1221\": 4, \"1230\": 4, \"1231\": 4}, \"target_selection_nontrivial_pass\": true, \"target_slot_values\": [0, 1, 2, 3], \"token_view_balance_pass\": true, \"within_key_query_selection_state_target_ranges\": {\"0000\": 0.095007, \"0001\": 0.050664, \"0010\": 0.030015, \"0011\": 0.081055, \"0020\": 0.046742, \"0021\": 0.121137, \"0030\": 0.016592, \"0031\": 0.090275, \"0100\": 0.043852, \"0101\": 0.105258, \"0110\": 0.315619, \"0111\": 0.055162, \"0120\": 0.345031, \"0121\": 0.317224, \"0130\": 0.348525, \"0131\": 0.319546, \"0200\": 0.051169, \"0201\": 0.045895, \"0210\": 0.342, \"0211\": 0.023369, \"0220\": 0.300175, \"0221\": 0.361953, \"0230\": 0.340084, \"0231\": 0.200671, \"1200\": 0.031037, \"1201\": 0.023369, \"1210\": 0.338063, \"1211\": 0.071494, \"1220\": 0.373369, \"1221\": 0.19817, \"1230\": 0.34255, \"1231\": 0.312341}, \"within_key_query_selection_state_variation_pass\": true}",
  "eval_loss": 0.0715596404168941,
  "f1": 0.0,
  "family": "control",
  "mae": 0.07156,
  "rank_correlation": -0.482632,
  "run_diagnostics": "{\"allowed_key_query_selection_symbolic_basis_frozen_pass\": true, \"bounded_candidate_count_pass\": true, \"calibration_slope\": -0.973459, \"candidate_set_nontrivial_pass\": true, \"coarse_key_query_selection_state_null_max_abs_mean\": 0.0, \"coarse_key_query_selection_state_null_pass\": true, \"coefficients\": {\"candidate_gap_spread\": -0.007042, \"confusable_count\": 0.000134, \"cross_mean_content_orientation\": 0.030184, \"cross_mean_sector_content\": 0.032349, \"cross_mean_sector_orientation\": 0.018702, \"mean_ordered_content_delta\": -0.00383, \"mean_orientation_delta\": 0.056906, \"mean_sector_magnitude_delta\": 0.065269, \"mean_token_overlap\": 0.008486, \"query_anchor_sign\": -0.005534, \"query_candidate_content_mix\": 0.010572, \"query_candidate_orientation_mix\": 0.010382, \"query_desired_bucket\": 0.03646, \"query_desired_gap\": -0.011741, \"query_desired_side\": 0.025678, \"selected_target_slot\": 0.000389, \"target_gap\": 0.082325, \"target_token_overlap\": -0.016028}, \"dataset\": \"synthetic_positional_key_query_offset_selection_response\", \"feature_order\": [\"query_anchor_sign\", \"query_desired_gap\", \"query_desired_side\", \"query_desired_bucket\", \"selected_target_slot\", \"confusable_count\", \"candidate_gap_spread\", \"target_gap\", \"target_token_overlap\", \"mean_token_overlap\", \"mean_sector_magnitude_delta\", \"mean_ordered_content_delta\", \"mean_orientation_delta\", \"query_candidate_content_mix\", \"query_candidate_orientation_mix\", \"cross_mean_sector_content\", \"cross_mean_sector_orientation\", \"cross_mean_content_orientation\"], \"forbidden_inputs_absent\": true, \"forbidden_key_query_selection_feature_family_absent_pass\": true, \"intercept\": -0.000791, \"key_query_selection_bucket_counts\": {\"0000\": 4, \"0001\": 4, \"0010\": 4, \"0011\": 4, \"0020\": 4, \"0021\": 4, \"0030\": 4, \"0031\": 4, \"0100\": 4, \"0101\": 4, \"0110\": 4, \"0111\": 4, \"0120\": 4, \"0121\": 4, \"0130\": 4, \"0131\": 4, \"0200\": 4, \"0201\": 4, \"0210\": 4, \"0211\": 4, \"0220\": 4, \"0221\": 4, \"0230\": 4, \"0231\": 4, \"1200\": 4, \"1201\": 4, \"1210\": 4, \"1211\": 4, \"1220\": 4, \"1221\": 4, \"1230\": 4, \"1231\": 4}, \"latent_key_query_selection_group_counts\": {\"0000\": 4, \"0001\": 4, \"0010\": 4, \"0011\": 4, \"0020\": 4, \"0021\": 4, \"0030\": 4, \"0031\": 4, \"0100\": 4, \"0101\": 4, \"0110\": 4, \"0111\": 4, \"0120\": 4, \"0121\": 4, \"0130\": 4, \"0131\": 4, \"0200\": 4, \"0201\": 4, \"0210\": 4, \"0211\": 4, \"0220\": 4, \"0221\": 4, \"0230\": 4, \"0231\": 4, \"1200\": 4, \"1201\": 4, \"1210\": 4, \"1211\": 4, \"1220\": 4, \"1221\": 4, \"1230\": 4, \"1231\": 4}, \"mae\": 0.07156, \"rank_correlation\": -0.482632, \"target_selection_nontrivial_pass\": true, \"target_slot_values\": [0, 1, 2, 3], \"token_view_balance_pass\": true, \"within_key_query_selection_state_target_ranges\": {\"0000\": 0.095007, \"0001\": 0.050664, \"0010\": 0.030015, \"0011\": 0.081055, \"0020\": 0.046742, \"0021\": 0.121137, \"0030\": 0.016592, \"0031\": 0.090275, \"0100\": 0.043852, \"0101\": 0.105258, \"0110\": 0.315619, \"0111\": 0.055162, \"0120\": 0.345031, \"0121\": 0.317224, \"0130\": 0.348525, \"0131\": 0.319546, \"0200\": 0.051169, \"0201\": 0.045895, \"0210\": 0.342, \"0211\": 0.023369, \"0220\": 0.300175, \"0221\": 0.361953, \"0230\": 0.340084, \"0231\": 0.200671, \"1200\": 0.031037, \"1201\": 0.023369, \"1210\": 0.338063, \"1211\": 0.071494, \"1220\": 0.373369, \"1221\": 0.19817, \"1230\": 0.34255, \"1231\": 0.312341}, \"within_key_query_selection_state_variation_pass\": true}",
  "seed": 123,
  "train_loss_final": 0.057451614821959346,
  "variant": "V_control_symbolic_positional_key_query_offset_selection_regressor"
}