{
  "score_by_offset": {
    "-4": 0.517019,
    "-3": 0.506678,
    "-2": 0.530685,
    "-1": 0.445346,
    "1": 0.471154,
    "2": 0.503398,
    "3": 0.47937,
    "4": 0.447941
  },
  "positive_minus_negative_offset_gap": 0.023727,
  "overall_score_mean": 0.487699
}