{
  "accuracy": 0.0,
  "backend": "sim_quantum_statevector",
  "calibration_slope": 1.031049,
  "data_mode": "synthetic_positional_key_query_offset_selection_response+readout_relational_witness_positional_key_query_offset_selection+head_linear",
  "dataset": "synthetic_positional_key_query_offset_selection_response",
  "dataset_diagnostics": "{\"bounded_candidate_count_pass\": true, \"candidate_set_nontrivial_pass\": true, \"coarse_key_query_selection_state_null_max_abs_mean\": 1e-06, \"coarse_key_query_selection_state_null_pass\": true, \"dataset\": \"synthetic_positional_key_query_offset_selection_response\", \"key_query_selection_bucket_counts\": {\"0000\": 4, \"0001\": 4, \"0010\": 4, \"0011\": 4, \"0020\": 4, \"0021\": 4, \"0030\": 4, \"0031\": 4, \"0100\": 4, \"0101\": 4, \"0110\": 4, \"0111\": 4, \"0120\": 4, \"0121\": 4, \"0130\": 4, \"0131\": 4, \"0200\": 4, \"0201\": 4, \"0210\": 4, \"0211\": 4, \"0220\": 4, \"0221\": 4, \"0230\": 4, \"0231\": 4, \"1000\": 4, \"1001\": 4, \"1010\": 4, \"1011\": 4, \"1020\": 4, \"1021\": 4, \"1030\": 4, \"1031\": 4, \"1100\": 4, \"1101\": 4, \"1110\": 4, \"1111\": 4, \"1120\": 4, \"1121\": 4, \"1130\": 4, \"1131\": 4, \"1200\": 4, \"1201\": 4, \"1210\": 4, \"1211\": 4, \"1220\": 4, \"1221\": 4, \"1230\": 4, \"1231\": 4}, \"latent_key_query_selection_group_counts\": {\"0000\": 4, \"0001\": 4, \"0010\": 4, \"0011\": 4, \"0020\": 4, \"0021\": 4, \"0030\": 4, \"0031\": 4, \"0100\": 4, \"0101\": 4, \"0110\": 4, \"0111\": 4, \"0120\": 4, \"0121\": 4, \"0130\": 4, \"0131\": 4, \"0200\": 4, \"0201\": 4, \"0210\": 4, \"0211\": 4, \"0220\": 4, \"0221\": 4, \"0230\": 4, \"0231\": 4, \"1000\": 4, \"1001\": 4, \"1010\": 4, \"1011\": 4, \"1020\": 4, \"1021\": 4, \"1030\": 4, \"1031\": 4, \"1100\": 4, \"1101\": 4, \"1110\": 4, \"1111\": 4, \"1120\": 4, \"1121\": 4, \"1130\": 4, \"1131\": 4, \"1200\": 4, \"1201\": 4, \"1210\": 4, \"1211\": 4, \"1220\": 4, \"1221\": 4, \"1230\": 4, \"1231\": 4}, \"target_selection_nontrivial_pass\": true, \"target_slot_values\": [0, 1, 2, 3], \"token_view_balance_pass\": true, \"within_key_query_selection_state_target_ranges\": {\"0000\": 0.045274, \"0001\": 0.087074, \"0010\": 0.070303, \"0011\": 0.031044, \"0020\": 0.005911, \"0021\": 0.032796, \"0030\": 0.063629, \"0031\": 0.090032, \"0100\": 0.036354, \"0101\": 0.068559, \"0110\": 0.241039, \"0111\": 0.105385, \"0120\": 0.14079, \"0121\": 0.234615, \"0130\": 0.172098, \"0131\": 0.221513, \"0200\": 0.088283, \"0201\": 0.124159, \"0210\": 0.088027, \"0211\": 0.158636, \"0220\": 0.284175, \"0221\": 0.291039, \"0230\": 0.151154, \"0231\": 0.145228, \"1000\": 0.014401, \"1001\": 0.01337, \"1010\": 0.046157, \"1011\": 0.01829, \"1020\": 0.249801, \"1021\": 0.223629, \"1030\": 0.23603, \"1031\": 0.244749, \"1100\": 0.059986, \"1101\": 0.129951, \"1110\": 0.14789, \"1111\": 0.083497, \"1120\": 0.256485, \"1121\": 0.225899, \"1130\": 0.175359, \"1131\": 0.294693, \"1200\": 0.441036, \"1201\": 0.634658, \"1210\": 0.38744, \"1211\": 0.293524, \"1220\": 0.434716, \"1221\": 0.459856, \"1230\": 0.149778, \"1231\": 0.39234}, \"within_key_query_selection_state_variation_pass\": true}",
  "eval_loss": 0.07125004995807603,
  "f1": 0.0,
  "family": "witness",
  "mae": 0.07125,
  "rank_correlation": 0.541902,
  "run_diagnostics": "{\"bounded_candidate_count_pass\": true, \"bounded_feature_audit_pass\": true, \"calibration_slope\": 1.031049, \"candidate_set_nontrivial_pass\": true, \"coarse_key_query_selection_state_null_max_abs_mean\": 1e-06, \"coarse_key_query_selection_state_null_pass\": true, \"coefficients\": {\"candidate_gap_spread\": 0.004369, \"confusable_count\": 0.003553, \"key_query_selection_cross_curvature\": 0.026302, \"key_query_selection_declared_mix\": -0.025306, \"mean_distractor_curvature\": -0.038879, \"mean_distractor_gap\": 0.03307, \"mean_distractor_phase\": 0.0009, \"query_anchor_sign\": 0.039711, \"query_curvature\": -0.003284, \"query_desired_gap\": -0.009361, \"query_phase\": 0.063529, \"selected_target_slot\": -0.017294, \"target_curvature\": 0.013482, \"target_gap\": 0.007858, \"target_gap_margin\": -0.025212, \"target_phase\": 0.043401, \"target_phase_margin\": 0.042501, \"token_match_total\": 0.00894}, \"dataset\": \"synthetic_positional_key_query_offset_selection_response\", \"feature_order\": [\"query_phase\", \"query_curvature\", \"query_desired_gap\", \"query_anchor_sign\", \"target_phase\", \"target_curvature\", \"target_gap\", \"mean_distractor_phase\", \"mean_distractor_curvature\", \"mean_distractor_gap\", \"selected_target_slot\", \"confusable_count\", \"candidate_gap_spread\", \"target_phase_margin\", \"target_gap_margin\", \"token_match_total\", \"key_query_selection_declared_mix\", \"key_query_selection_cross_curvature\"], \"forbidden_inputs_absent\": true, \"forbidden_key_query_selection_feature_family_absent_pass\": true, \"intercept\": -0.055849, \"key_query_selection_bucket_counts\": {\"0000\": 4, \"0001\": 4, \"0010\": 4, \"0011\": 4, \"0020\": 4, \"0021\": 4, \"0030\": 4, \"0031\": 4, \"0100\": 4, \"0101\": 4, \"0110\": 4, \"0111\": 4, \"0120\": 4, \"0121\": 4, \"0130\": 4, \"0131\": 4, \"0200\": 4, \"0201\": 4, \"0210\": 4, \"0211\": 4, \"0220\": 4, \"0221\": 4, \"0230\": 4, \"0231\": 4, \"1000\": 4, \"1001\": 4, \"1010\": 4, \"1011\": 4, \"1020\": 4, \"1021\": 4, \"1030\": 4, \"1031\": 4, \"1100\": 4, \"1101\": 4, \"1110\": 4, \"1111\": 4, \"1120\": 4, \"1121\": 4, \"1130\": 4, \"1131\": 4, \"1200\": 4, \"1201\": 4, \"1210\": 4, \"1211\": 4, \"1220\": 4, \"1221\": 4, \"1230\": 4, \"1231\": 4}, \"latent_key_query_selection_group_counts\": {\"0000\": 4, \"0001\": 4, \"0010\": 4, \"0011\": 4, \"0020\": 4, \"0021\": 4, \"0030\": 4, \"0031\": 4, \"0100\": 4, \"0101\": 4, \"0110\": 4, \"0111\": 4, \"0120\": 4, \"0121\": 4, \"0130\": 4, \"0131\": 4, \"0200\": 4, \"0201\": 4, \"0210\": 4, \"0211\": 4, \"0220\": 4, \"0221\": 4, \"0230\": 4, \"0231\": 4, \"1000\": 4, \"1001\": 4, \"1010\": 4, \"1011\": 4, \"1020\": 4, \"1021\": 4, \"1030\": 4, \"1031\": 4, \"1100\": 4, \"1101\": 4, \"1110\": 4, \"1111\": 4, \"1120\": 4, \"1121\": 4, \"1130\": 4, \"1131\": 4, \"1200\": 4, \"1201\": 4, \"1210\": 4, \"1211\": 4, \"1220\": 4, \"1221\": 4, \"1230\": 4, \"1231\": 4}, \"mae\": 0.07125, \"rank_correlation\": 0.541902, \"target_selection_nontrivial_pass\": true, \"target_slot_values\": [0, 1, 2, 3], \"token_view_balance_pass\": true, \"within_key_query_selection_state_target_ranges\": {\"0000\": 0.045274, \"0001\": 0.087074, \"0010\": 0.070303, \"0011\": 0.031044, \"0020\": 0.005911, \"0021\": 0.032796, \"0030\": 0.063629, \"0031\": 0.090032, \"0100\": 0.036354, \"0101\": 0.068559, \"0110\": 0.241039, \"0111\": 0.105385, \"0120\": 0.14079, \"0121\": 0.234615, \"0130\": 0.172098, \"0131\": 0.221513, \"0200\": 0.088283, \"0201\": 0.124159, \"0210\": 0.088027, \"0211\": 0.158636, \"0220\": 0.284175, \"0221\": 0.291039, \"0230\": 0.151154, \"0231\": 0.145228, \"1000\": 0.014401, \"1001\": 0.01337, \"1010\": 0.046157, \"1011\": 0.01829, \"1020\": 0.249801, \"1021\": 0.223629, \"1030\": 0.23603, \"1031\": 0.244749, \"1100\": 0.059986, \"1101\": 0.129951, \"1110\": 0.14789, \"1111\": 0.083497, \"1120\": 0.256485, \"1121\": 0.225899, \"1130\": 0.175359, \"1131\": 0.294693, \"1200\": 0.441036, \"1201\": 0.634658, \"1210\": 0.38744, \"1211\": 0.293524, \"1220\": 0.434716, \"1221\": 0.459856, \"1230\": 0.149778, \"1231\": 0.39234}, \"within_key_query_selection_state_variation_pass\": true}",
  "seed": 777,
  "slot_swap": 1,
  "train_loss_final": 0.04081305940614716,
  "variant": "V_future_relational_witness_positional_key_query_offset_selection"
}