method,rows,contexts,mae,rank_correlation,top1_accuracy,mrr,ndcg_at_4
phase_wrap_formula,152,38,0.0,1.0,1.0,1.0,1.0
lookup_mod24,152,38,0.0,0.999652,1.0,1.0,1.0
classical_m8_m12_product,152,38,0.0,0.996015,1.0,1.0,1.0
delta_regression_tree,152,38,0.018332,0.880971,0.868421,0.929825,0.997502
rope_attention,152,38,0.225643,0.119377,0.105263,0.429825,0.887883
sinusoidal_attention,152,38,0.230163,-0.329817,0.026316,0.317982,0.855829
alibi_attention,152,38,0.24115,0.105991,0.289474,0.550439,0.915013
