{
  "score_by_offset": {
    "-4": 0.430327,
    "-3": 0.462389,
    "-2": 0.530622,
    "-1": 0.514839,
    "1": 0.533193,
    "2": 0.506045,
    "3": 0.458183,
    "4": 0.437767
  },
  "positive_minus_negative_offset_gap": -0.000748,
  "overall_score_mean": 0.484171
}