order,state,expected_key,dominant_count,total_count,dominant_fraction,wilson95_lower_bound,pass
q0q1,00,00,959,1000,0.959,0.944851711098596,True
q0q1,01,01,0,1000,0.0,0.0,False
q0q1,10,10,1,1000,0.001,0.00017654182905727116,False
q0q1,11,11,934,1000,0.934,0.9168903772338006,True
q1q0,00,00,959,1000,0.959,0.944851711098596,True
q1q0,01,10,949,1000,0.949,0.9335641957120492,True
q1q0,10,01,960,1000,0.96,0.9459900625744302,True
q1q0,11,11,934,1000,0.934,0.9168903772338006,True
