{
  "accuracy": 0.0,
  "backend": "sim_quantum_statevector",
  "calibration_slope": 0.480687,
  "data_mode": "synthetic_positional_key_query_offset_selection_response+readout_relational_witness_positional_key_query_offset_selection+head_linear",
  "dataset": "synthetic_positional_key_query_offset_selection_response",
  "dataset_diagnostics": "{\"bounded_candidate_count_pass\": true, \"candidate_set_nontrivial_pass\": true, \"coarse_key_query_selection_state_null_max_abs_mean\": 1e-06, \"coarse_key_query_selection_state_null_pass\": true, \"dataset\": \"synthetic_positional_key_query_offset_selection_response\", \"key_query_selection_bucket_counts\": {\"0000\": 4, \"0001\": 4, \"0010\": 4, \"0011\": 4, \"0020\": 4, \"0021\": 4, \"0030\": 4, \"0031\": 4, \"0100\": 4, \"0101\": 4, \"0110\": 4, \"0111\": 4, \"0120\": 4, \"0121\": 4, \"0130\": 4, \"0131\": 4, \"0200\": 4, \"0201\": 4, \"0210\": 4, \"0211\": 4, \"0220\": 4, \"0221\": 4, \"0230\": 4, \"0231\": 4, \"1000\": 4, \"1010\": 4, \"1020\": 4, \"1030\": 4, \"1100\": 4, \"1101\": 4, \"1110\": 4, \"1111\": 4, \"1120\": 4, \"1121\": 4, \"1130\": 4, \"1131\": 4, \"1200\": 4, \"1201\": 4, \"1210\": 4, \"1211\": 4, \"1220\": 4, \"1221\": 4, \"1230\": 4, \"1231\": 4}, \"latent_key_query_selection_group_counts\": {\"0000\": 4, \"0001\": 4, \"0010\": 4, \"0011\": 4, \"0020\": 4, \"0021\": 4, \"0030\": 4, \"0031\": 4, \"0100\": 4, \"0101\": 4, \"0110\": 4, \"0111\": 4, \"0120\": 4, \"0121\": 4, \"0130\": 4, \"0131\": 4, \"0200\": 4, \"0201\": 4, \"0210\": 4, \"0211\": 4, \"0220\": 4, \"0221\": 4, \"0230\": 4, \"0231\": 4, \"1000\": 4, \"1010\": 4, \"1020\": 4, \"1030\": 4, \"1100\": 4, \"1101\": 4, \"1110\": 4, \"1111\": 4, \"1120\": 4, \"1121\": 4, \"1130\": 4, \"1131\": 4, \"1200\": 4, \"1201\": 4, \"1210\": 4, \"1211\": 4, \"1220\": 4, \"1221\": 4, \"1230\": 4, \"1231\": 4}, \"target_selection_nontrivial_pass\": true, \"target_slot_values\": [0, 1, 2, 3], \"token_view_balance_pass\": true, \"within_key_query_selection_state_target_ranges\": {\"0000\": 0.036228, \"0001\": 0.043493, \"0010\": 0.0286, \"0011\": 0.018219, \"0020\": 0.037147, \"0021\": 0.086717, \"0030\": 0.036917, \"0031\": 0.005908, \"0100\": 0.351793, \"0101\": 0.070691, \"0110\": 0.367408, \"0111\": 0.406448, \"0120\": 0.388257, \"0121\": 0.383731, \"0130\": 0.406154, \"0131\": 0.066792, \"0200\": 0.009897, \"0201\": 0.201448, \"0210\": 0.247368, \"0211\": 0.288466, \"0220\": 0.028326, \"0221\": 0.365785, \"0230\": 0.059237, \"0231\": 0.474848, \"1000\": 0.125706, \"1010\": 0.008193, \"1020\": 0.117051, \"1030\": 0.096985, \"1100\": 0.134544, \"1101\": 0.049748, \"1110\": 0.261952, \"1111\": 0.182516, \"1120\": 0.284495, \"1121\": 0.182781, \"1130\": 0.259262, \"1131\": 0.204668, \"1200\": 0.097583, \"1201\": 0.294409, \"1210\": 0.164397, \"1211\": 0.286873, \"1220\": 0.4167, \"1221\": 0.382223, \"1230\": 0.339479, \"1231\": 0.29601}, \"within_key_query_selection_state_variation_pass\": true}",
  "eval_loss": 0.07613817526618527,
  "f1": 0.0,
  "family": "witness",
  "mae": 0.076138,
  "pair_reindex": 1,
  "rank_correlation": 0.364059,
  "run_diagnostics": "{\"bounded_candidate_count_pass\": true, \"bounded_feature_audit_pass\": true, \"calibration_slope\": 0.480687, \"candidate_set_nontrivial_pass\": true, \"coarse_key_query_selection_state_null_max_abs_mean\": 1e-06, \"coarse_key_query_selection_state_null_pass\": true, \"coefficients\": {\"candidate_gap_spread\": -0.02882, \"confusable_count\": 0.051963, \"key_query_selection_cross_curvature\": 0.023296, \"key_query_selection_declared_mix\": 0.043619, \"mean_distractor_curvature\": 0.023021, \"mean_distractor_gap\": 0.030046, \"mean_distractor_phase\": 0.029855, \"query_anchor_sign\": -0.011261, \"query_curvature\": 0.000869, \"query_desired_gap\": -0.00642, \"query_phase\": -0.023314, \"selected_target_slot\": -0.031827, \"target_curvature\": 0.020273, \"target_gap\": -0.015471, \"target_gap_margin\": -0.045517, \"target_phase\": 0.06823, \"target_phase_margin\": 0.038375, \"token_match_total\": 0.031305}, \"dataset\": \"synthetic_positional_key_query_offset_selection_response\", \"feature_order\": [\"query_phase\", \"query_curvature\", \"query_desired_gap\", \"query_anchor_sign\", \"target_phase\", \"target_curvature\", \"target_gap\", \"mean_distractor_phase\", \"mean_distractor_curvature\", \"mean_distractor_gap\", \"selected_target_slot\", \"confusable_count\", \"candidate_gap_spread\", \"target_phase_margin\", \"target_gap_margin\", \"token_match_total\", \"key_query_selection_declared_mix\", \"key_query_selection_cross_curvature\"], \"forbidden_inputs_absent\": true, \"forbidden_key_query_selection_feature_family_absent_pass\": true, \"intercept\": 0.006302, \"key_query_selection_bucket_counts\": {\"0000\": 4, \"0001\": 4, \"0010\": 4, \"0011\": 4, \"0020\": 4, \"0021\": 4, \"0030\": 4, \"0031\": 4, \"0100\": 4, \"0101\": 4, \"0110\": 4, \"0111\": 4, \"0120\": 4, \"0121\": 4, \"0130\": 4, \"0131\": 4, \"0200\": 4, \"0201\": 4, \"0210\": 4, \"0211\": 4, \"0220\": 4, \"0221\": 4, \"0230\": 4, \"0231\": 4, \"1000\": 4, \"1010\": 4, \"1020\": 4, \"1030\": 4, \"1100\": 4, \"1101\": 4, \"1110\": 4, \"1111\": 4, \"1120\": 4, \"1121\": 4, \"1130\": 4, \"1131\": 4, \"1200\": 4, \"1201\": 4, \"1210\": 4, \"1211\": 4, \"1220\": 4, \"1221\": 4, \"1230\": 4, \"1231\": 4}, \"latent_key_query_selection_group_counts\": {\"0000\": 4, \"0001\": 4, \"0010\": 4, \"0011\": 4, \"0020\": 4, \"0021\": 4, \"0030\": 4, \"0031\": 4, \"0100\": 4, \"0101\": 4, \"0110\": 4, \"0111\": 4, \"0120\": 4, \"0121\": 4, \"0130\": 4, \"0131\": 4, \"0200\": 4, \"0201\": 4, \"0210\": 4, \"0211\": 4, \"0220\": 4, \"0221\": 4, \"0230\": 4, \"0231\": 4, \"1000\": 4, \"1010\": 4, \"1020\": 4, \"1030\": 4, \"1100\": 4, \"1101\": 4, \"1110\": 4, \"1111\": 4, \"1120\": 4, \"1121\": 4, \"1130\": 4, \"1131\": 4, \"1200\": 4, \"1201\": 4, \"1210\": 4, \"1211\": 4, \"1220\": 4, \"1221\": 4, \"1230\": 4, \"1231\": 4}, \"mae\": 0.076138, \"rank_correlation\": 0.364059, \"target_selection_nontrivial_pass\": true, \"target_slot_values\": [0, 1, 2, 3], \"token_view_balance_pass\": true, \"within_key_query_selection_state_target_ranges\": {\"0000\": 0.036228, \"0001\": 0.043493, \"0010\": 0.0286, \"0011\": 0.018219, \"0020\": 0.037147, \"0021\": 0.086717, \"0030\": 0.036917, \"0031\": 0.005908, \"0100\": 0.351793, \"0101\": 0.070691, \"0110\": 0.367408, \"0111\": 0.406448, \"0120\": 0.388257, \"0121\": 0.383731, \"0130\": 0.406154, \"0131\": 0.066792, \"0200\": 0.009897, \"0201\": 0.201448, \"0210\": 0.247368, \"0211\": 0.288466, \"0220\": 0.028326, \"0221\": 0.365785, \"0230\": 0.059237, \"0231\": 0.474848, \"1000\": 0.125706, \"1010\": 0.008193, \"1020\": 0.117051, \"1030\": 0.096985, \"1100\": 0.134544, \"1101\": 0.049748, \"1110\": 0.261952, \"1111\": 0.182516, \"1120\": 0.284495, \"1121\": 0.182781, \"1130\": 0.259262, \"1131\": 0.204668, \"1200\": 0.097583, \"1201\": 0.294409, \"1210\": 0.164397, \"1211\": 0.286873, \"1220\": 0.4167, \"1221\": 0.382223, \"1230\": 0.339479, \"1231\": 0.29601}, \"within_key_query_selection_state_variation_pass\": true}",
  "seed": 777,
  "train_loss_final": 0.05136240007264926,
  "variant": "V_future_relational_witness_positional_key_query_offset_selection"
}