{
  "score_by_offset": {
    "-4": 0.456222,
    "-3": 0.431195,
    "-2": 0.499969,
    "-1": 0.480719,
    "1": 0.496984,
    "2": 0.504881,
    "3": 0.45526,
    "4": 0.437248
  },
  "positive_minus_negative_offset_gap": 0.006567,
  "overall_score_mean": 0.47031
}