{
  "accuracy": 0.0,
  "backend": "sim_quantum_statevector",
  "calibration_slope": 1.100769,
  "data_mode": "synthetic_positional_key_query_offset_selection_response+readout_relational_witness_positional_key_query_offset_selection+head_linear",
  "dataset": "synthetic_positional_key_query_offset_selection_response",
  "dataset_diagnostics": "{\"bounded_candidate_count_pass\": true, \"candidate_set_nontrivial_pass\": true, \"coarse_key_query_selection_state_null_max_abs_mean\": 1e-06, \"coarse_key_query_selection_state_null_pass\": true, \"dataset\": \"synthetic_positional_key_query_offset_selection_response\", \"key_query_selection_bucket_counts\": {\"0100\": 4, \"0101\": 4, \"0110\": 4, \"0111\": 4, \"0120\": 4, \"0121\": 4, \"0130\": 4, \"0131\": 4, \"0200\": 4, \"0201\": 4, \"0210\": 4, \"0211\": 4, \"0220\": 4, \"0221\": 4, \"0230\": 4, \"0231\": 4, \"1101\": 4, \"1111\": 4, \"1121\": 4, \"1131\": 4, \"1200\": 4, \"1201\": 4, \"1210\": 4, \"1211\": 4, \"1220\": 4, \"1221\": 4, \"1230\": 4, \"1231\": 4}, \"latent_key_query_selection_group_counts\": {\"0100\": 4, \"0101\": 4, \"0110\": 4, \"0111\": 4, \"0120\": 4, \"0121\": 4, \"0130\": 4, \"0131\": 4, \"0200\": 4, \"0201\": 4, \"0210\": 4, \"0211\": 4, \"0220\": 4, \"0221\": 4, \"0230\": 4, \"0231\": 4, \"1101\": 4, \"1111\": 4, \"1121\": 4, \"1131\": 4, \"1200\": 4, \"1201\": 4, \"1210\": 4, \"1211\": 4, \"1220\": 4, \"1221\": 4, \"1230\": 4, \"1231\": 4}, \"target_selection_nontrivial_pass\": true, \"target_slot_values\": [0, 1, 2, 3], \"token_view_balance_pass\": true, \"within_key_query_selection_state_target_ranges\": {\"0100\": 0.11099, \"0101\": 0.117247, \"0110\": 0.377881, \"0111\": 0.138858, \"0120\": 0.373991, \"0121\": 0.421664, \"0130\": 0.359122, \"0131\": 0.3543, \"0200\": 0.039297, \"0201\": 0.115945, \"0210\": 0.176317, \"0211\": 0.227628, \"0220\": 0.155351, \"0221\": 0.244215, \"0230\": 0.16512, \"0231\": 0.252804, \"1101\": 0.157219, \"1111\": 0.220257, \"1121\": 0.236943, \"1131\": 0.110124, \"1200\": 0.079761, \"1201\": 0.076936, \"1210\": 0.40474, \"1211\": 0.078971, \"1220\": 0.407383, \"1221\": 0.208397, \"1230\": 0.284234, \"1231\": 0.407154}, \"within_key_query_selection_state_variation_pass\": true}",
  "eval_loss": 0.0639718209907789,
  "f1": 0.0,
  "family": "witness",
  "mae": 0.063972,
  "rank_correlation": 0.639847,
  "run_diagnostics": "{\"bounded_candidate_count_pass\": true, \"bounded_feature_audit_pass\": true, \"calibration_slope\": 1.100769, \"candidate_set_nontrivial_pass\": true, \"coarse_key_query_selection_state_null_max_abs_mean\": 1e-06, \"coarse_key_query_selection_state_null_pass\": true, \"coefficients\": {\"candidate_gap_spread\": -0.015128, \"confusable_count\": -0.083523, \"key_query_selection_cross_curvature\": 0.055751, \"key_query_selection_declared_mix\": -0.016181, \"mean_distractor_curvature\": 0.025297, \"mean_distractor_gap\": 0.065614, \"mean_distractor_phase\": 0.032235, \"query_anchor_sign\": 0.059297, \"query_curvature\": 0.001089, \"query_desired_gap\": 0.026819, \"query_phase\": 0.021391, \"selected_target_slot\": 0.094133, \"target_curvature\": -0.054718, \"target_gap\": 0.052786, \"target_gap_margin\": -0.012828, \"target_phase\": 0.042803, \"target_phase_margin\": 0.010568, \"token_match_total\": -0.041281}, \"dataset\": \"synthetic_positional_key_query_offset_selection_response\", \"feature_order\": [\"query_phase\", \"query_curvature\", \"query_desired_gap\", \"query_anchor_sign\", \"target_phase\", \"target_curvature\", \"target_gap\", \"mean_distractor_phase\", \"mean_distractor_curvature\", \"mean_distractor_gap\", \"selected_target_slot\", \"confusable_count\", \"candidate_gap_spread\", \"target_phase_margin\", \"target_gap_margin\", \"token_match_total\", \"key_query_selection_declared_mix\", \"key_query_selection_cross_curvature\"], \"forbidden_inputs_absent\": true, \"forbidden_key_query_selection_feature_family_absent_pass\": true, \"intercept\": -0.009733, \"key_query_selection_bucket_counts\": {\"0100\": 4, \"0101\": 4, \"0110\": 4, \"0111\": 4, \"0120\": 4, \"0121\": 4, \"0130\": 4, \"0131\": 4, \"0200\": 4, \"0201\": 4, \"0210\": 4, \"0211\": 4, \"0220\": 4, \"0221\": 4, \"0230\": 4, \"0231\": 4, \"1101\": 4, \"1111\": 4, \"1121\": 4, \"1131\": 4, \"1200\": 4, \"1201\": 4, \"1210\": 4, \"1211\": 4, \"1220\": 4, \"1221\": 4, \"1230\": 4, \"1231\": 4}, \"latent_key_query_selection_group_counts\": {\"0100\": 4, \"0101\": 4, \"0110\": 4, \"0111\": 4, \"0120\": 4, \"0121\": 4, \"0130\": 4, \"0131\": 4, \"0200\": 4, \"0201\": 4, \"0210\": 4, \"0211\": 4, \"0220\": 4, \"0221\": 4, \"0230\": 4, \"0231\": 4, \"1101\": 4, \"1111\": 4, \"1121\": 4, \"1131\": 4, \"1200\": 4, \"1201\": 4, \"1210\": 4, \"1211\": 4, \"1220\": 4, \"1221\": 4, \"1230\": 4, \"1231\": 4}, \"mae\": 0.063972, \"rank_correlation\": 0.639847, \"target_selection_nontrivial_pass\": true, \"target_slot_values\": [0, 1, 2, 3], \"token_view_balance_pass\": true, \"within_key_query_selection_state_target_ranges\": {\"0100\": 0.11099, \"0101\": 0.117247, \"0110\": 0.377881, \"0111\": 0.138858, \"0120\": 0.373991, \"0121\": 0.421664, \"0130\": 0.359122, \"0131\": 0.3543, \"0200\": 0.039297, \"0201\": 0.115945, \"0210\": 0.176317, \"0211\": 0.227628, \"0220\": 0.155351, \"0221\": 0.244215, \"0230\": 0.16512, \"0231\": 0.252804, \"1101\": 0.157219, \"1111\": 0.220257, \"1121\": 0.236943, \"1131\": 0.110124, \"1200\": 0.079761, \"1201\": 0.076936, \"1210\": 0.40474, \"1211\": 0.078971, \"1220\": 0.407383, \"1221\": 0.208397, \"1230\": 0.284234, \"1231\": 0.407154}, \"within_key_query_selection_state_variation_pass\": true}",
  "seed": 123,
  "slot_swap": 1,
  "train_loss_final": 0.0427346772673144,
  "variant": "V_future_relational_witness_positional_key_query_offset_selection"
}