{
  "accuracy": 0.0,
  "backend": "sim_quantum_statevector",
  "calibration_slope": 0.717781,
  "data_mode": "synthetic_positional_key_query_offset_selection_response+readout_relational_witness_positional_key_query_offset_selection+head_linear",
  "dataset": "synthetic_positional_key_query_offset_selection_response",
  "dataset_diagnostics": "{\"bounded_candidate_count_pass\": true, \"candidate_set_nontrivial_pass\": true, \"coarse_key_query_selection_state_null_max_abs_mean\": 1e-06, \"coarse_key_query_selection_state_null_pass\": true, \"dataset\": \"synthetic_positional_key_query_offset_selection_response\", \"key_query_selection_bucket_counts\": {\"0000\": 4, \"0001\": 4, \"0010\": 4, \"0011\": 4, \"0020\": 4, \"0021\": 4, \"0030\": 4, \"0031\": 4, \"0101\": 4, \"0111\": 4, \"0121\": 4, \"0131\": 4, \"0200\": 4, \"0201\": 4, \"0210\": 4, \"0211\": 4, \"0220\": 4, \"0221\": 4, \"0230\": 4, \"0231\": 4, \"1000\": 4, \"1001\": 4, \"1010\": 4, \"1011\": 4, \"1020\": 4, \"1021\": 4, \"1030\": 4, \"1031\": 4, \"1200\": 4, \"1201\": 4, \"1210\": 4, \"1211\": 4, \"1220\": 4, \"1221\": 4, \"1230\": 4, \"1231\": 4}, \"latent_key_query_selection_group_counts\": {\"0000\": 4, \"0001\": 4, \"0010\": 4, \"0011\": 4, \"0020\": 4, \"0021\": 4, \"0030\": 4, \"0031\": 4, \"0101\": 4, \"0111\": 4, \"0121\": 4, \"0131\": 4, \"0200\": 4, \"0201\": 4, \"0210\": 4, \"0211\": 4, \"0220\": 4, \"0221\": 4, \"0230\": 4, \"0231\": 4, \"1000\": 4, \"1001\": 4, \"1010\": 4, \"1011\": 4, \"1020\": 4, \"1021\": 4, \"1030\": 4, \"1031\": 4, \"1200\": 4, \"1201\": 4, \"1210\": 4, \"1211\": 4, \"1220\": 4, \"1221\": 4, \"1230\": 4, \"1231\": 4}, \"target_selection_nontrivial_pass\": true, \"target_slot_values\": [0, 1, 2, 3], \"token_view_balance_pass\": true, \"within_key_query_selection_state_target_ranges\": {\"0000\": 0.021522, \"0001\": 0.019189, \"0010\": 0.037256, \"0011\": 0.056281, \"0020\": 0.07919, \"0021\": 0.389221, \"0030\": 0.100831, \"0031\": 0.406451, \"0101\": 0.159717, \"0111\": 0.078728, \"0121\": 0.077542, \"0131\": 0.137337, \"0200\": 0.128202, \"0201\": 0.183649, \"0210\": 0.394712, \"0211\": 0.385902, \"0220\": 0.156049, \"0221\": 0.380975, \"0230\": 0.057437, \"0231\": 0.278724, \"1000\": 0.03086, \"1001\": 0.081618, \"1010\": 0.017444, \"1011\": 0.063121, \"1020\": 0.06838, \"1021\": 0.141689, \"1030\": 0.108953, \"1031\": 0.126695, \"1200\": 0.056403, \"1201\": 0.094733, \"1210\": 0.054297, \"1211\": 0.183285, \"1220\": 0.393804, \"1221\": 0.394741, \"1230\": 0.111222, \"1231\": 0.344955}, \"within_key_query_selection_state_variation_pass\": true}",
  "eval_loss": 0.0465639083734774,
  "f1": 0.0,
  "family": "witness",
  "mae": 0.046564,
  "rank_correlation": 0.522265,
  "run_diagnostics": "{\"bounded_candidate_count_pass\": true, \"bounded_feature_audit_pass\": true, \"calibration_slope\": 0.717781, \"candidate_set_nontrivial_pass\": true, \"coarse_key_query_selection_state_null_max_abs_mean\": 1e-06, \"coarse_key_query_selection_state_null_pass\": true, \"coefficients\": {\"candidate_gap_spread\": 0.004177, \"confusable_count\": -0.016215, \"key_query_selection_cross_curvature\": 0.008176, \"key_query_selection_declared_mix\": -0.01995, \"mean_distractor_curvature\": -0.007921, \"mean_distractor_gap\": 0.025782, \"mean_distractor_phase\": 0.076137, \"query_anchor_sign\": -0.014973, \"query_curvature\": -0.007742, \"query_desired_gap\": -0.004913, \"query_phase\": 0.002464, \"selected_target_slot\": 0.051597, \"target_curvature\": 0.016774, \"target_gap\": 0.016495, \"target_gap_margin\": -0.009287, \"target_phase\": 0.118743, \"target_phase_margin\": 0.042606, \"token_match_total\": -0.044622}, \"dataset\": \"synthetic_positional_key_query_offset_selection_response\", \"feature_order\": [\"query_phase\", \"query_curvature\", \"query_desired_gap\", \"query_anchor_sign\", \"target_phase\", \"target_curvature\", \"target_gap\", \"mean_distractor_phase\", \"mean_distractor_curvature\", \"mean_distractor_gap\", \"selected_target_slot\", \"confusable_count\", \"candidate_gap_spread\", \"target_phase_margin\", \"target_gap_margin\", \"token_match_total\", \"key_query_selection_declared_mix\", \"key_query_selection_cross_curvature\"], \"forbidden_inputs_absent\": true, \"forbidden_key_query_selection_feature_family_absent_pass\": true, \"intercept\": -0.044931, \"key_query_selection_bucket_counts\": {\"0000\": 4, \"0001\": 4, \"0010\": 4, \"0011\": 4, \"0020\": 4, \"0021\": 4, \"0030\": 4, \"0031\": 4, \"0101\": 4, \"0111\": 4, \"0121\": 4, \"0131\": 4, \"0200\": 4, \"0201\": 4, \"0210\": 4, \"0211\": 4, \"0220\": 4, \"0221\": 4, \"0230\": 4, \"0231\": 4, \"1000\": 4, \"1001\": 4, \"1010\": 4, \"1011\": 4, \"1020\": 4, \"1021\": 4, \"1030\": 4, \"1031\": 4, \"1200\": 4, \"1201\": 4, \"1210\": 4, \"1211\": 4, \"1220\": 4, \"1221\": 4, \"1230\": 4, \"1231\": 4}, \"latent_key_query_selection_group_counts\": {\"0000\": 4, \"0001\": 4, \"0010\": 4, \"0011\": 4, \"0020\": 4, \"0021\": 4, \"0030\": 4, \"0031\": 4, \"0101\": 4, \"0111\": 4, \"0121\": 4, \"0131\": 4, \"0200\": 4, \"0201\": 4, \"0210\": 4, \"0211\": 4, \"0220\": 4, \"0221\": 4, \"0230\": 4, \"0231\": 4, \"1000\": 4, \"1001\": 4, \"1010\": 4, \"1011\": 4, \"1020\": 4, \"1021\": 4, \"1030\": 4, \"1031\": 4, \"1200\": 4, \"1201\": 4, \"1210\": 4, \"1211\": 4, \"1220\": 4, \"1221\": 4, \"1230\": 4, \"1231\": 4}, \"mae\": 0.046564, \"rank_correlation\": 0.522265, \"target_selection_nontrivial_pass\": true, \"target_slot_values\": [0, 1, 2, 3], \"token_view_balance_pass\": true, \"within_key_query_selection_state_target_ranges\": {\"0000\": 0.021522, \"0001\": 0.019189, \"0010\": 0.037256, \"0011\": 0.056281, \"0020\": 0.07919, \"0021\": 0.389221, \"0030\": 0.100831, \"0031\": 0.406451, \"0101\": 0.159717, \"0111\": 0.078728, \"0121\": 0.077542, \"0131\": 0.137337, \"0200\": 0.128202, \"0201\": 0.183649, \"0210\": 0.394712, \"0211\": 0.385902, \"0220\": 0.156049, \"0221\": 0.380975, \"0230\": 0.057437, \"0231\": 0.278724, \"1000\": 0.03086, \"1001\": 0.081618, \"1010\": 0.017444, \"1011\": 0.063121, \"1020\": 0.06838, \"1021\": 0.141689, \"1030\": 0.108953, \"1031\": 0.126695, \"1200\": 0.056403, \"1201\": 0.094733, \"1210\": 0.054297, \"1211\": 0.183285, \"1220\": 0.393804, \"1221\": 0.394741, \"1230\": 0.111222, \"1231\": 0.344955}, \"within_key_query_selection_state_variation_pass\": true}",
  "seed": 42,
  "token_permutation": "cdab",
  "train_loss_final": 0.033496230111371546,
  "variant": "V_future_relational_witness_positional_key_query_offset_selection"
}