{
  "score_by_offset": {
    "-4": 0.503773,
    "-3": 0.495938,
    "-2": 0.530164,
    "-1": 0.462162,
    "1": 0.540247,
    "2": 0.450237,
    "3": 0.532894,
    "4": 0.517633
  },
  "positive_minus_negative_offset_gap": -0.013165,
  "overall_score_mean": 0.504131
}