order,state,expected_key,dominant_count,total_count,dominant_fraction,wilson95_lower_bound,pass
q0q1,00,00,964,1000,0.964,0.9505640561361826,True
q0q1,01,01,2,1000,0.002,0.000548632102457155,False
q0q1,10,10,2,1000,0.002,0.000548632102457155,False
q0q1,11,11,941,1000,0.941,0.9246387632925527,True
q1q0,00,00,964,1000,0.964,0.9505640561361826,True
q1q0,01,10,947,1000,0.947,0.9313250610861061,True
q1q0,10,01,955,1000,0.955,0.940316857129231,True
q1q0,11,11,941,1000,0.941,0.9246387632925527,True
