{
  "dataset": "synthetic_offset_binary",
  "backend": "sim_quantum_statevector",
  "readout": "parity",
  "mixing_preset": "mix_v0",
  "variants": {
    "V0": {
      "seeds": {
        "42": {
          "mean_score_by_offset": {
            "-4": 0.487913,
            "-3": 0.526855,
            "-2": 0.469877,
            "-1": 0.475851,
            "1": 0.508997,
            "2": 0.51757,
            "3": 0.499312,
            "4": 0.503209
          },
          "mean_score_by_offset_abs": {
            "1": 0.492424,
            "2": 0.493723,
            "3": 0.513084,
            "4": 0.495561
          },
          "positive_minus_negative_mean": 0.017148,
          "offset_monotonicity_proxy": 0.123678
        },
        "123": {
          "mean_score_by_offset": {
            "-4": 0.503773,
            "-3": 0.495938,
            "-2": 0.530164,
            "-1": 0.462162,
            "1": 0.540247,
            "2": 0.450237,
            "3": 0.532894,
            "4": 0.517633
          },
          "mean_score_by_offset_abs": {
            "1": 0.501205,
            "2": 0.4902,
            "3": 0.514416,
            "4": 0.510703
          },
          "positive_minus_negative_mean": 0.012244,
          "offset_monotonicity_proxy": 0.208828
        },
        "777": {
          "mean_score_by_offset": {
            "-4": 0.554609,
            "-3": 0.447313,
            "-2": 0.498998,
            "-1": 0.462355,
            "1": 0.55863,
            "2": 0.444957,
            "3": 0.492523,
            "4": 0.569681
          },
          "mean_score_by_offset_abs": {
            "1": 0.510493,
            "2": 0.471977,
            "3": 0.469918,
            "4": 0.562145
          },
          "positive_minus_negative_mean": 0.025629,
          "offset_monotonicity_proxy": 0.210597
        }
      },
      "mean_score_by_offset": {
        "-4": 0.515432,
        "-3": 0.490035,
        "-2": 0.499679,
        "-1": 0.466789,
        "1": 0.535958,
        "2": 0.470921,
        "3": 0.508243,
        "4": 0.530175
      },
      "mean_score_by_offset_abs": {
        "1": 0.501374,
        "2": 0.4853,
        "3": 0.499139,
        "4": 0.522803
      }
    },
    "V3": {
      "seeds": {
        "42": {
          "mean_score_by_offset": {
            "-4": 0.507925,
            "-3": 0.528797,
            "-2": 0.486658,
            "-1": 0.50581,
            "1": 0.501256,
            "2": 0.506848,
            "3": 0.521077,
            "4": 0.513971
          },
          "mean_score_by_offset_abs": {
            "1": 0.503533,
            "2": 0.496753,
            "3": 0.524937,
            "4": 0.510948
          },
          "positive_minus_negative_mean": 0.00349,
          "offset_monotonicity_proxy": 0.038509
        },
        "123": {
          "mean_score_by_offset": {
            "-4": 0.51666,
            "-3": 0.577562,
            "-2": 0.554364,
            "-1": 0.517162,
            "1": 0.536862,
            "2": 0.510495,
            "3": 0.564029,
            "4": 0.546605
          },
          "mean_score_by_offset_abs": {
            "1": 0.527012,
            "2": 0.53243,
            "3": 0.570795,
            "4": 0.531632
          },
          "positive_minus_negative_mean": -0.001939,
          "offset_monotonicity_proxy": 0.107046
        },
        "777": {
          "mean_score_by_offset": {
            "-4": 0.60275,
            "-3": 0.437615,
            "-2": 0.513178,
            "-1": 0.465512,
            "1": 0.585283,
            "2": 0.475972,
            "3": 0.521037,
            "4": 0.601958
          },
          "mean_score_by_offset_abs": {
            "1": 0.525398,
            "2": 0.494575,
            "3": 0.479326,
            "4": 0.602354
          },
          "positive_minus_negative_mean": 0.041299,
          "offset_monotonicity_proxy": 0.241191
        }
      },
      "mean_score_by_offset": {
        "-4": 0.542445,
        "-3": 0.514658,
        "-2": 0.518067,
        "-1": 0.496161,
        "1": 0.541134,
        "2": 0.497772,
        "3": 0.535381,
        "4": 0.554178
      },
      "mean_score_by_offset_abs": {
        "1": 0.518648,
        "2": 0.507919,
        "3": 0.525019,
        "4": 0.548311
      }
    }
  }
}